"SITE_ID","VARIABLES_AFFECTED","START_DATETIME","END_DATETIME"
"ALIC1","TDT2_VWC;TDT2_SOILEC;TDT2_TSOIL;TDT2_SOILPERM",2015-03-06 00:00:00,2015-03-29 04:30:00
"ALIC1","TDT2_TSOIL",2015-03-06 00:00:00,2015-04-14 13:30:00
"ALIC1","PRECIP_TIPPING2",2015-03-06 00:00:00,
"ALIC1","PA;CTS_MOD",2015-03-06 13:30:00,2015-03-06 13:30:00
"ALIC1","PA;TA;RH;Q;WD;WS",2015-03-23 12:00:00,2015-03-23 16:00:00
"ALIC1","PA;TA;RH;Q;WD;WS",2015-03-26 12:00:00,2015-03-26 17:30:00
"ALIC1","PA;TA;RH;Q;WD;WS",2015-03-27 09:00:00,2015-03-27 18:30:00
"ALIC1","PA;TA;RH;Q;WD;WS",2015-03-28 01:30:00,2015-03-29 23:30:00
"ALIC1","PA;TA;RH;Q;WD;WS",2015-03-30 08:30:00,2015-04-16 10:00:00
"ALIC1","TDT2_SOILEC;TDT2_TSOIL;TDT2_SOILPERM",2015-12-28 01:30:00,2016-05-06 14:00:00
"ALIC1","PA;TA;RH;Q;WD;WS",2016-07-07 11:30:00,2016-07-10 02:00:00
"ALIC1","RH;Q;TA;PA",2016-07-10 02:00:00,2016-08-02 09:00:00
"ALIC1","WS;WD",2016-07-14 12:00:00,2016-08-02 10:30:00
"ALIC1","CTS_MOD",2016-07-28 14:00:00,2016-07-28 15:30:00
"ALIC1","Q;Q_STD",2016-08-02 09:30:00,2016-10-05 10:00:00
"ALIC1","LWIN;LWOUT",2016-11-16 06:00:00,2016-11-16 06:00:00
"ALIC1","LWIN;LWOUT",2017-01-12 18:30:00,2017-01-12 18:30:00
"ALIC1","RH",2017-12-27 07:00:00,2017-12-27 08:30:00
"ALIC1","LWIN;LWOUT",2017-12-27 07:00:00,2017-12-27 07:00:00
"ALIC1","CTS_MOD",2018-12-20 13:30:00,2018-12-20 13:30:00
"ALIC1","PA;TA;RH;WS;WD",2019-02-01 16:30:00,2019-02-01 22:00:00
"ALIC1","PRECIP",2019-04-13 00:30:00,2019-04-28 00:30:00
"ALIC1","PRECIP",2019-07-01 10:04:00,2019-10-10 13:00:00
"ALIC1","RH;Q;TA;PA;WS;WD",2020-01-29 11:00:00,2020-01-29 13:00:00
"ALIC1","SWIN",2020-12-03 11:30:00,2020-12-03 11:30:00
"ALIC1","CTS_MOD",2021-08-19 12:30:00,2021-08-19 13:30:00
"ALIC1","PRECIP",2022-04-08 12:30:00,2022-05-15 00:00:00
"ALIC1","TA",2023-08-24 09:00:00,2023-08-24 14:30:00
"ALIC1","PA;TA;RH;Q;WD;WS",2024-01-27 15:00:00,2024-03-06 14:00:00
"ALIC1","CTS_MOD",2026-01-19 22:30:00,2026-01-20 14:30:00
"BALRD","PRECIP_TIPPING2",2014-05-16 00:00:00,
"BALRD","TDT2_TSOIL",2014-05-27 13:30:00,2014-05-27 13:30:00
"BALRD","CTS_MOD",2014-05-27 14:00:00,2014-05-27 14:00:00
"BALRD","PA",2014-07-29 14:30:00,2014-07-29 14:30:00
"BALRD","TDT2_TSOIL",2015-08-23 00:00:00,2018-08-02 10:30:00
"BALRD","PRECIP",2016-02-23 14:00:00,2016-02-26 15:30:00
"BALRD","CTS_MOD",2016-05-17 18:00:00,2016-05-17 18:00:00
"BALRD","PRECIP",2016-08-13 11:00:00,2016-09-10 10:00:00
"BALRD","PA",2016-11-17 11:00:00,2016-11-17 11:00:00
"BALRD","RH",2017-08-07 07:30:00,2017-08-07 17:00:00
"BALRD","RH",2017-08-08 00:30:00,2017-08-08 13:00:00
"BALRD","RH",2017-08-08 16:30:00,2017-08-08 16:30:00
"BALRD","RH",2017-08-09 00:30:00,2017-08-09 03:00:00
"BALRD","RH",2017-08-12 00:00:00,2017-08-12 11:00:00
"BALRD","RH",2017-08-13 04:00:00,2017-08-13 04:00:00
"BALRD","RH",2017-08-14 00:30:00,2017-08-14 03:30:00
"BALRD","RH",2017-08-14 06:00:00,2017-08-16 22:30:00
"BALRD","TA",2017-08-21 14:00:00,2017-08-21 14:00:00
"BALRD","PA",2017-08-21 14:00:00,2017-08-21 14:00:00
"BALRD","PRECIP",2018-08-21 00:30:00,2018-11-19 00:30:00
"BALRD","TDT2_TSOIL",2018-08-23 13:00:00,2018-09-04 11:30:00
"BALRD","TDT2_TSOIL",2018-09-02 14:00:00,2020-06-16 04:30:00
"BALRD","PRECIP",2018-11-30 00:30:00,2019-02-01 00:30:00
"BALRD","PRECIP",2019-06-27 00:30:00,2019-07-04 00:30:00
"BALRD","CTS_MOD2",2019-08-29 14:00:00,2021-09-22 09:00:00
"BALRD","PRECIP",2020-05-25 00:30:00,2020-06-02 20:00:00
"BALRD","TDT2_TSOIL",2020-08-05 11:00:00,2024-08-21 07:00:00
"BALRD","PRECIP",2020-08-28 00:30:00,2020-10-18 00:30:00
"BALRD","PRECIP",2020-10-25 00:30:00,2020-11-10 17:30:00
"BALRD","CTS_MOD",2022-06-29 15:30:00,2022-06-29 15:30:00
"BALRD","CTS_MOD",2022-08-16 17:30:00,2022-08-16 17:30:00
"BALRD","CTS_MOD",2022-09-01 10:30:00,2022-09-01 10:30:00
"BALRD","G1;G2",2022-09-01 11:30:00,2022-09-02 00:30:00
"BALRD","CTS_MOD",2022-09-01 13:30:00,2022-09-01 13:30:00
"BALRD","PA",2023-08-31 08:00:00,2023-08-31 10:00:00
"BALRD","CTS_MOD",2024-08-21 08:30:00,2024-08-21 08:30:00
"BALRD","CTS_MOD",2026-01-19 22:30:00,2026-01-21 14:30:00
"BICKL","PRECIP_TIPPING2",2015-01-28 17:00:00,
"BICKL","TDT1_SOILEC;TDT2_SOILEC",2015-01-30 01:30:00,
"BICKL","PA;TA",2017-02-17 10:00:00,2017-02-17 10:00:00
"BICKL","G2",2017-12-03 16:00:00,2018-08-21 14:00:00
"BICKL","RH;Q",2018-02-19 09:00:00,2018-03-06 12:00:00
"BICKL","PRECIP",2019-08-21 00:30:00,2019-11-27 12:30:00
"BICKL","CTS_MOD2",2019-09-10 10:00:00,2021-05-04 10:30:00
"BICKL","PRECIP",2020-10-20 04:30:00,2020-10-21 02:30:00
"BICKL","CTS_MOD",2020-11-24 13:30:00,2020-11-24 13:30:00
"BICKL","PRECIP",2020-12-22 10:30:00,2021-02-26 12:00:00
"BICKL","RH;TA",2021-05-04 12:00:00,2021-05-04 12:00:00
"BICKL","TDT1_VWC",2021-08-08 23:00:00,2021-08-08 23:00:00
"BICKL","TDT1_VWC",2021-08-09 02:30:00,2021-08-09 02:30:00
"BICKL","TDT1_VWC",2021-08-09 17:00:00,2021-08-09 17:00:00
"BICKL","TDT1_VWC",2021-08-29 23:30:00,2021-08-29 23:30:00
"BICKL","TDT1_VWC",2021-08-30 05:00:00,2021-08-30 05:00:00
"BICKL","TDT1_VWC",2021-08-30 13:00:00,2021-08-30 13:00:00
"BICKL","TDT1_VWC",2021-08-30 19:00:00,2021-08-30 19:00:00
"BICKL","PRECIP",2022-01-10 11:30:00,2022-02-02 13:30:00
"BICKL","CTS_MOD",2022-02-14 11:00:00,2022-02-14 11:00:00
"BICKL","PA",2022-05-26 11:00:00,2022-05-26 11:00:00
"BICKL","CTS_MOD",2022-05-26 11:30:00,2022-05-26 11:30:00
"BICKL","PRECIP",2022-07-08 01:00:00,2022-07-26 00:00:00
"BICKL","PA",2023-05-25 09:00:00,2023-05-25 10:30:00
"BICKL","G1",2023-05-25 09:00:00,2023-06-01 01:00:00
"BICKL","G2",2023-05-26 01:00:00,2023-06-16 02:00:00
"BICKL","PRECIP",2023-10-06 12:00:00,2023-10-11 05:00:00
"BICKL","PRECIP_RAINE",2023-10-12 00:00:00,2023-10-12 14:00:00
"BICKL","PRECIP",2023-10-15 07:00:00,2023-10-18 01:00:00
"BICKL","PRECIP",2023-10-22 17:00:00,2023-10-22 23:00:00
"BICKL","PRECIP",2023-10-23 17:00:00,2023-10-24 06:00:00
"BICKL","PRECIP",2023-10-24 17:00:00,2023-10-25 00:00:00
"BICKL","PRECIP",2023-10-25 17:00:00,2023-10-26 01:00:00
"BICKL","PRECIP",2023-10-26 12:00:00,2023-10-28 00:00:00
"BICKL","PRECIP",2023-10-30 00:00:00,2023-10-30 06:00:00
"BICKL","PRECIP",2023-11-01 19:00:00,2023-11-02 00:00:00
"BICKL","PRECIP",2023-11-03 00:00:00,2023-11-03 12:00:00
"BICKL","PRECIP",2023-11-05 11:00:00,2023-11-06 12:00:00
"BICKL","PRECIP",2023-11-11 05:00:00,2023-11-12 00:00:00
"BICKL","PRECIP",2023-11-15 05:00:00,2023-11-16 00:00:00
"BICKL","PRECIP",2023-11-17 01:00:00,2023-11-17 22:00:00
"BICKL","PRECIP",2023-11-18 06:30:00,2023-11-18 13:00:00
"BICKL","PRECIP",2023-11-20 03:00:00,2023-11-20 05:00:00
"BICKL","PRECIP",2023-11-24 16:00:00,2023-11-24 18:00:00
"BICKL","PRECIP",2023-11-28 15:00:00,2023-11-28 19:00:00
"BICKL","PRECIP",2023-11-29 12:00:00,2023-11-29 17:00:00
"BICKL","PRECIP",2023-12-02 18:00:00,2023-12-03 02:00:00
"BICKL","PRECIP_RAINE",2023-12-22 00:00:00,2023-12-22 12:00:00
"BICKL","PRECIP_RAINE",2024-01-04 02:00:00,2024-01-05 09:00:00
"BICKL","PRECIP_RAINE",2024-01-05 18:00:00,2024-01-06 05:00:00
"BICKL","PRECIP",2024-02-02 00:00:00,2024-02-02 03:00:00
"BICKL","PRECIP_RAINE",2024-02-06 22:00:00,2024-02-07 12:00:00
"BICKL","PRECIP_RAINE",2024-03-15 14:00:00,2024-03-15 16:00:00
"BICKL","PRECIP",2024-03-20 20:00:00,2024-03-21 05:00:00
"BICKL","PRECIP_RAINE",2024-03-29 14:00:00,2024-03-29 16:00:00
"BICKL","PRECIP_RAINE",2024-03-30 00:00:00,2024-03-30 08:00:00
"BICKL","PRECIP_RAINE",2024-04-02 00:00:00,2024-04-02 09:00:00
"BICKL","PRECIP_RAINE",2024-04-03 09:00:00,2024-04-03 14:00:00
"BICKL","PRECIP_RAINE",2024-04-04 11:00:00,2024-04-04 13:00:00
"BICKL","PRECIP_RAINE",2024-04-20 06:30:00,2024-04-20 06:30:00
"BICKL","PRECIP_RAINE",2024-04-23 10:30:00,2024-04-23 16:30:00
"BICKL","PRECIP_RAINE",2024-04-24 10:30:00,2024-04-24 10:30:00
"BICKL","PA",2024-05-16 10:00:00,2024-05-16 10:00:00
"BICKL","PRECIP",2024-06-20 11:30:00,2024-12-05 02:00:00
"BICKL","PRECIP",2025-08-13 04:30:00,2025-08-25 12:00:00
"BICKL","CTS_MOD",2026-01-19 22:30:00,2026-01-20 14:30:00
"BICKL","PRECIP",2026-05-27 00:30:00,
"BUNNY","PRECIP_TIPPING2",2015-01-27 00:00:00,
"BUNNY","G1;G2;RH;PA;TDT1_VWC10;TDT2_VWC10;TDT1_TSOIL10;TDT2_TSOIL10;TDT1_SOILEC10;TDT2_SOILEC10;CTS_MOD;PROFILE_VWC15;PROFILE_SOILEC15;PROFILE_VWC40;PROFILE_SOILEC40;PROFILE_VWC65;PROFILE_SOILEC65",2016-03-15 14:00:00,2016-03-15 14:00:00
"BUNNY","CTS_MOD",2016-05-16 10:00:00,2016-05-16 10:00:00
"BUNNY","PRECIP",2016-09-19 05:30:00,2016-11-17 12:00:00
"BUNNY","PRECIP",2018-06-11 12:00:00,2018-08-22 17:00:00
"BUNNY","LWOUT",2018-08-22 09:00:00,2018-08-22 09:00:00
"BUNNY","PRECIP",2019-06-21 00:30:00,2019-11-18 11:30:00
"BUNNY","CTS_MOD2",2019-09-11 09:00:00,2021-04-13 13:30:00
"BUNNY","TDT1_VWC",2020-04-18 06:30:00,2020-04-18 06:30:00
"BUNNY","TDT1_VWC",2020-04-20 12:00:00,2020-04-20 19:00:00
"BUNNY","CTS_MOD",2020-07-17 13:00:00,2020-07-17 13:00:00
"BUNNY","PRECIP",2020-09-02 00:30:00,2020-10-24 00:00:00
"BUNNY","PRECIP",2020-09-15 00:00:00,2020-10-10 16:00:00
"BUNNY","ALL",2021-04-13 08:30:00,2021-04-13 14:30:00
"BUNNY","G1;G2",2021-07-28 18:30:00,2021-07-28 19:00:00
"BUNNY","PRECIP",2021-09-05 15:00:00,2021-09-05 15:00:00
"BUNNY","PRECIP",2021-09-07 03:00:00,2021-09-07 03:30:00
"BUNNY","PRECIP",2021-09-08 04:30:00,2021-09-08 04:30:00
"BUNNY","PRECIP",2021-09-08 17:00:00,2021-09-08 17:00:00
"BUNNY","PRECIP",2021-09-10 17:00:00,2021-11-02 13:00:00
"BUNNY","TA;RH;PA",2022-02-25 12:00:00,2022-02-28 14:00:00
"BUNNY","PRECIP",2022-04-01 00:30:00,2022-04-12 00:00:00
"BUNNY","PRECIP",2022-04-20 00:30:00,2022-04-26 12:30:00
"BUNNY","CTS_MOD",2022-04-25 20:30:00,2022-04-26 03:30:00
"BUNNY","CTS_MOD",2022-04-26 13:30:00,2022-04-26 13:30:00
"BUNNY","PA",2023-04-18 11:00:00,2023-04-18 12:00:00
"BUNNY","G2",2023-07-09 17:30:00,2023-07-09 18:30:00
"BUNNY","PRECIP",2023-08-19 12:00:00,2023-08-25 12:00:00
"BUNNY","PRECIP",2023-08-26 20:00:00,2023-08-29 12:00:00
"BUNNY","PRECIP",2023-08-30 12:00:00,2023-08-31 12:00:00
"BUNNY","PRECIP",2023-09-01 12:00:00,2023-09-10 12:00:00
"BUNNY","PRECIP",2023-09-11 00:00:00,2023-09-11 12:00:00
"BUNNY","PRECIP",2023-09-13 12:00:00,2023-09-14 00:00:00
"BUNNY","PRECIP",2023-09-16 00:00:00,2023-09-18 00:00:00
"BUNNY","PRECIP",2023-09-25 00:00:00,2023-09-25 12:00:00
"BUNNY","PRECIP",2023-09-27 00:00:00,2023-09-27 12:00:00
"BUNNY","PRECIP",2023-10-08 00:00:00,2023-10-11 00:00:00
"BUNNY","PRECIP",2023-10-12 00:00:00,2023-10-12 15:00:00
"BUNNY","PRECIP",2023-10-16 20:00:00,2023-10-18 13:00:00
"BUNNY","PRECIP",2023-10-19 02:00:00,2023-10-19 19:00:00
"BUNNY","PRECIP",2023-10-21 17:00:00,2023-10-22 00:00:00
"BUNNY","PRECIP",2023-10-22 17:00:00,2023-10-23 00:00:00
"BUNNY","PRECIP",2023-10-23 17:00:00,2023-10-24 00:00:00
"BUNNY","PRECIP",2023-10-24 22:00:00,2023-10-25 01:00:00
"BUNNY","PRECIP",2023-10-25 17:00:00,2023-10-25 22:00:00
"BUNNY","PRECIP",2023-10-27 00:00:00,2023-10-28 09:00:00
"BUNNY","PRECIP",2023-10-29 18:00:00,2023-10-30 07:00:00
"BUNNY","PRECIP",2023-10-31 18:00:00,2023-10-31 22:00:00
"BUNNY","PRECIP",2023-11-03 00:00:00,2023-11-04 00:00:00
"BUNNY","PRECIP",2023-11-06 00:00:00,2023-11-07 03:00:00
"BUNNY","PRECIP",2023-11-08 20:00:00,2023-11-09 00:00:00
"BUNNY","PRECIP_RAINE",2023-11-11 00:00:00,2023-11-11 12:00:00
"BUNNY","PRECIP",2023-11-24 13:00:00,2023-11-24 15:00:00
"BUNNY","PRECIP",2023-11-26 09:00:00,2023-11-26 11:00:00
"BUNNY","PRECIP_RAINE",2023-12-06 00:00:00,2023-12-07 00:00:00
"BUNNY","PRECIP_RAINE",2023-12-08 04:00:00,2023-12-08 12:00:00
"BUNNY","PRECIP_RAINE",2023-12-14 12:00:00,2023-12-15 00:00:00
"BUNNY","PRECIP_RAINE",2024-01-01 19:00:00,2024-01-04 11:00:00
"BUNNY","PRECIP_RAINE",2024-01-07 02:00:00,2024-01-07 06:00:00
"BUNNY","PRECIP_RAINE",2024-01-10 08:00:00,2024-01-10 11:00:00
"BUNNY","PRECIP_RAINE",2024-01-19 10:00:00,2024-01-19 12:00:00
"BUNNY","PRECIP_RAINE",2024-01-22 14:00:00,2024-01-22 16:00:00
"BUNNY","PRECIP_RAINE",2024-01-24 10:00:00,2024-01-24 17:00:00
"BUNNY","PRECIP_RAINE",2024-01-31 07:00:00,2024-01-31 10:00:00
"BUNNY","PRECIP_RAINE",2024-02-09 22:00:00,2024-02-10 10:00:00
"BUNNY","PRECIP_RAINE",2024-02-10 19:00:00,2024-02-11 14:00:00
"BUNNY","PRECIP_RAINE",2024-02-14 13:00:00,2024-02-14 16:00:00
"BUNNY","PRECIP_RAINE",2024-02-17 08:00:00,2024-02-17 10:00:00
"BUNNY","PA",2024-04-16 12:00:00,2024-04-16 12:00:00
"BUNNY","PRECIP_RAINE",2024-04-18 16:30:00,2024-04-18 17:30:00
"BUNNY","PRECIP",2024-08-09 00:30:00,2024-09-26 10:00:00
"BUNNY","PA",2025-02-19 11:00:00,2025-02-19 11:00:00
"BUNNY","PA",2025-02-25 11:00:00,2025-02-25 11:00:00
"BUNNY","PA",2025-05-09 09:00:00,2025-05-09 09:00:00
"BUNNY","PRECIP",2025-07-26 14:30:00,2025-07-26 23:30:00
"BUNNY","PRECIP",2025-07-30 11:30:00,2025-07-30 21:30:00
"BUNNY","PRECIP",2025-08-08 06:00:00,2025-08-13 13:30:00
"BUNNY","PRECIP",2025-08-13 19:00:00,2025-10-06 01:30:00
"BUNNY","CTS_MOD",2026-01-19 22:30:00,2026-01-20 14:30:00
"CARDT","PRECIP_TIPPING2",2015-06-24 00:00:00,2025-02-11 12:00:00
"CARDT","PRECIP;PA;CTS_MOD",2015-06-24 09:30:00,2015-06-24 10:00:00
"CARDT","G2",2015-07-05 03:30:00,2015-07-14 01:00:00
"CARDT","CTS_MOD",2016-06-15 10:30:00,2016-06-15 10:30:00
"CARDT","CTS_MOD",2017-09-28 08:30:00,2017-09-28 08:30:00
"CARDT","PA;RH",2019-10-22 11:00:00,2019-10-22 11:00:00
"CARDT","CTS_MOD2",2019-10-24 12:00:00,2021-06-01 09:00:00
"CARDT","CTS_MOD",2020-07-16 13:00:00,2020-07-16 13:00:00
"CARDT","CTS_MOD",2021-06-01 10:30:00,2021-06-01 10:30:00
"CARDT","TNR01C;LWIN;LWOUT",2021-06-01 10:30:00,2021-06-09 11:00:00
"CARDT","PRECIP",2022-05-14 00:30:00,2022-09-21 10:00:00
"CARDT","G2",2022-07-31 23:30:00,2022-09-21 12:00:00
"CARDT","RH",2022-10-15 00:00:00,2022-10-15 00:00:00
"CARDT","PRECIP_RAINE",2023-07-22 12:00:00,2023-08-10 13:00:00
"CARDT","PRECIP",2023-11-18 19:00:00,2023-11-19 16:00:00
"CARDT","PRECIP",2023-11-23 13:00:00,2023-11-23 15:00:00
"CARDT","PRECIP_RAINE",2023-12-01 00:00:00,2023-12-02 00:00:00
"CARDT","PRECIP_RAINE",2023-12-06 00:00:00,2023-12-07 00:00:00
"CARDT","PRECIP",2023-12-23 01:00:00,2023-12-23 07:00:00
"CARDT","PRECIP",2023-12-23 22:00:00,2023-12-24 18:00:00
"CARDT","PRECIP",2023-12-28 02:00:00,2023-12-28 05:00:00
"CARDT","PRECIP",2023-12-28 14:00:00,2023-12-28 22:00:00
"CARDT","PRECIP_RAINE",2023-12-30 18:00:00,2023-12-31 00:00:00
"CARDT","PRECIP_RAINE",2024-01-05 17:00:00,2024-01-06 01:00:00
"CARDT","PRECIP_RAINE",2024-01-06 19:00:00,2024-01-07 00:00:00
"CARDT","PRECIP_RAINE",2024-01-08 15:00:00,2024-01-08 19:00:00
"CARDT","PRECIP_RAINE",2024-02-01 08:00:00,2024-02-01 12:00:00
"CARDT","PRECIP",2024-02-02 07:00:00,2024-02-02 10:00:00
"CARDT","PRECIP_RAINE",2024-02-03 14:00:00,2024-02-03 17:00:00
"CARDT","PRECIP",2024-02-05 04:00:00,2024-02-05 09:00:00
"CARDT","PRECIP",2024-02-06 00:00:00,2024-02-06 17:00:00
"CARDT","CTS_MOD",2024-02-06 11:00:00,2024-02-06 11:30:00
"CARDT","PRECIP_RAINE",2024-02-07 08:00:00,2024-02-07 11:00:00
"CARDT","PRECIP_RAINE",2024-02-19 07:00:00,2024-02-19 10:00:00
"CARDT","PRECIP",2024-02-20 06:00:00,2024-02-20 09:00:00
"CARDT","PRECIP_RAINE",2024-02-23 22:00:00,2024-02-25 12:00:00
"CARDT","PRECIP",2024-02-26 03:00:00,2024-02-26 05:00:00
"CARDT","PRECIP_RAINE",2024-03-14 18:00:00,2024-03-14 22:00:00
"CARDT","PRECIP_RAINE",2024-03-20 19:00:00,2024-03-20 22:00:00
"CARDT","PRECIP_RAINE",2024-04-02 11:00:00,2024-04-02 13:00:00
"CARDT","PRECIP_RAINE",2024-04-03 07:00:00,2024-04-03 09:00:00
"CARDT","PRECIP_RAINE",2024-04-09 17:00:00,2024-04-09 21:00:00
"CARDT","CTS_MOD",2024-07-18 10:30:00,2024-07-18 12:30:00
"CARDT","CTS_MOD",2026-01-19 22:30:00,2026-01-20 14:30:00
"CGARW","PRECIP_TIPPING2",2016-06-29 00:00:00,
"CGARW","PA",2016-06-29 11:00:00,2016-06-29 11:00:00
"CGARW","G1",2016-11-20 23:00:00,2017-07-06 14:00:00
"CGARW","PA",2017-07-06 11:30:00,2017-07-06 11:30:00
"CGARW","CTS_MOD",2017-07-06 11:30:00,2017-07-06 11:30:00
"CGARW","CTS_MOD",2017-07-07 08:30:00,2017-07-07 08:30:00
"CGARW","PA",2017-07-07 08:30:00,2017-07-07 08:30:00
"CGARW","PA",2017-09-28 13:30:00,2017-09-28 13:30:00
"CGARW","PA",2017-11-16 12:00:00,2017-11-16 12:00:00
"CGARW","CTS_MOD",2018-09-14 12:00:00,2018-09-14 12:00:00
"CGARW","PA",2018-09-14 12:00:00,2018-09-14 12:00:00
"CGARW","CTS_MOD",2019-06-11 12:00:00,2019-06-11 12:00:00
"CGARW","PA",2019-09-17 10:00:00,2019-09-17 10:00:00
"CGARW","PA",2020-03-11 15:30:00,2020-03-11 15:30:00
"CGARW","CTS_MOD;CTS_SNOW;CTS_SNOW_RH;CTS_SNOW_TEMP",2020-10-21 09:00:00,2020-10-21 11:30:00
"CGARW","PA",2020-10-21 09:30:00,2020-10-21 12:00:00
"CGARW","SWOUT;LWIN",2020-10-21 11:00:00,2020-10-21 13:00:00
"CGARW","PA",2020-11-11 10:30:00,2020-11-11 11:00:00
"CGARW","CTS_MOD",2020-11-11 10:30:00,2020-11-11 10:30:00
"CGARW","PA",2020-12-07 13:30:00,2020-12-07 13:30:00
"CGARW","G1;G2",2020-12-14 00:00:00,2021-01-13 11:30:00
"CGARW","PA",2021-01-13 11:30:00,2021-01-13 12:00:00
"CGARW","CTS_MOD",2021-01-13 11:30:00,2021-01-13 12:00:00
"CGARW","CTS_MOD",2021-08-10 09:30:00,2021-08-10 09:30:00
"CGARW","G1",2021-08-10 11:30:00,2021-08-10 12:00:00
"CGARW","G2",2021-08-10 11:30:00,2021-08-10 12:00:00
"CGARW","PRECIP",2022-07-16 05:30:00,2022-08-02 01:00:00
"CGARW","PA",2022-08-02 10:00:00,2022-08-02 10:00:00
"CGARW","STP_TSOIL50;STP_TSOIL20;STP_TSOIL10;STP_TSOIL5;STP_TSOIL2",2023-02-20 15:30:00,2023-02-22 05:00:00
"CGARW","TDT9_TSOIL;TDT9_VWC;TDT9_SOILEC;TDT9_SOILPERM",2023-06-30 07:30:00,
"CGARW","TA;RH",2023-08-01 09:30:00,2023-08-01 09:30:00
"CGARW","PRECIP",2023-09-08 00:00:00,2023-09-09 00:00:00
"CGARW","PA",2024-07-23 15:00:00,2024-07-23 15:00:00
"CGARW","CTS_MOD",2026-01-19 22:30:00,2026-01-20 14:30:00
"CGARW","TDT9_TSOIL;TDT9_VWC;TDT9_SOILEC;TDT9_SOILPERM",2026-06-17 12:00:00,2026-06-17 12:00:00
"CHIMN","PRECIP_TIPPING2",2013-10-02 00:00:00,
"CHIMN","CTS_MOD2",2013-10-02 13:30:00,2020-01-22 14:00:00
"CHIMN","WS;WD;PA;RH;TA;Q",2013-10-02 14:30:00,2013-10-03 16:00:00
"CHIMN","STP_TSOIL50;STP_TSOIL20;STP_TSOIL10;STP_TSOIL5;STP_TSOIL2",2013-10-03 00:30:00,2014-02-25 14:00:00
"CHIMN","WS;WD;PA;RH;TA;Q",2013-10-03 15:30:00,2013-10-03 16:00:00
"CHIMN","WS;WD;PA;RH;TA;Q",2013-10-16 13:30:00,2013-10-16 17:00:00
"CHIMN","TA",2013-12-27 21:30:00,2013-12-27 21:30:00
"CHIMN","PRECIP",2014-06-12 15:30:00,2014-07-01 16:00:00
"CHIMN","RH;Q",2014-06-28 02:30:00,2014-06-28 22:30:00
"CHIMN","RH;Q",2014-07-16 01:00:00,2014-09-05 13:00:00
"CHIMN","G1;G2",2016-06-15 13:30:00,2016-06-15 16:00:00
"CHIMN","CTS_MOD",2017-04-11 14:00:00,2017-04-11 14:00:00
"CHIMN","CTS_MOD",2017-04-11 16:00:00,2017-04-11 16:00:00
"CHIMN","PRECIP",2018-07-02 00:00:00,2018-07-28 00:00:00
"CHIMN","CTS_MOD",2018-08-21 11:00:00,2018-08-21 11:00:00
"CHIMN","CTS_MOD",2018-10-05 11:30:00,2018-10-05 11:30:00
"CHIMN","CTS_MOD",2018-10-05 14:30:00,2018-10-05 14:30:00
"CHIMN","PRECIP",2019-07-27 00:30:00,2019-08-02 00:00:00
"CHIMN","CTS_MOD",2019-12-03 22:00:00,2019-12-03 23:00:00
"CHIMN","CTS_MOD",2019-12-04 00:00:00,2019-12-04 00:30:00
"CHIMN","CTS_MOD",2019-12-04 05:30:00,2019-12-04 05:30:00
"CHIMN","CTS_MOD",2019-12-04 08:30:00,2019-12-04 09:00:00
"CHIMN","CTS_MOD",2019-12-04 12:30:00,2019-12-04 12:30:00
"CHIMN","CTS_MOD",2019-12-07 22:30:00,2019-12-07 22:30:00
"CHIMN","CTS_MOD",2019-12-10 02:00:00,2019-12-10 02:00:00
"CHIMN","CTS_MOD",2019-12-17 13:30:00,2019-12-17 13:30:00
"CHIMN","PA",2020-02-12 15:00:00,2020-02-12 15:00:00
"CHIMN","CTS_MOD",2020-02-12 15:30:00,2020-02-12 15:30:00
"CHIMN","PRECIP_TIPPING_A;PRECIP_TIPPING_B",2020-06-17 04:30:00,2020-06-17 04:30:00
"CHIMN","PRECIP_TIPPING_A;PRECIP_TIPPING_B",2020-06-17 15:00:00,2020-06-17 15:00:00
"CHIMN","G1;G2",2020-08-18 10:00:00,2020-08-19 01:00:00
"CHIMN","G1",2020-08-18 10:00:00,2020-08-18 10:00:00
"CHIMN","CTS_MOD",2020-08-18 11:00:00,2020-08-18 11:30:00
"CHIMN","CTS_MOD",2020-08-18 14:30:00,2020-08-18 14:30:00
"CHIMN","PA",2020-08-18 14:30:00,2020-08-18 14:30:00
"CHIMN","PRECIP",2020-09-04 00:00:00,2020-09-14 00:00:00
"CHIMN","PRECIP",2020-09-15 00:00:00,2020-09-22 00:00:00
"CHIMN","PRECIP",2020-09-25 00:00:00,2020-09-29 00:00:00
"CHIMN","G1;G2",2021-01-08 00:30:00,2021-01-23 00:00:00
"CHIMN","G1;G2",2021-02-01 04:30:00,2021-02-21 10:30:00
"CHIMN","PRECIP",2021-02-13 14:00:00,2021-02-13 14:00:00
"CHIMN","PRECIP",2021-03-25 14:00:00,2021-03-25 14:00:00
"CHIMN","PRECIP",2021-03-25 15:30:00,2021-03-25 15:30:00
"CHIMN","CTS_MOD",2021-09-07 12:00:00,2021-09-07 12:30:00
"CHIMN","G1;G2",2021-10-06 13:30:00,2021-10-06 14:30:00
"CHIMN","CTS_MOD",2021-10-06 14:00:00,2021-10-06 14:00:00
"CHIMN","PRECIP_TIPPING_A;PRECIP_TIPPING_B",2022-03-08 08:30:00,2022-03-08 08:30:00
"CHIMN","CTS_MOD",2022-10-11 07:30:00,2022-10-11 07:30:00
"CHIMN","PRECIP_RAINE",2023-09-07 00:00:00,2023-09-10 00:00:00
"CHIMN","PRECIP_RAINE",2023-09-11 00:00:00,2023-09-12 00:00:00
"CHIMN","PRECIP_RAINE",2023-09-13 00:00:00,2023-09-15 00:00:00
"CHIMN","PRECIP",2023-09-27 12:00:00,2023-09-28 00:00:00
"CHIMN","PRECIP_RAINE",2023-11-17 04:00:00,2023-11-17 11:00:00
"CHIMN","PRECIP_RAINE",2023-11-20 12:00:00,2023-11-20 14:00:00
"CHIMN","PRECIP_RAINE",2023-11-21 23:00:00,2023-11-22 01:00:00
"CHIMN","PRECIP_RAINE",2023-11-24 17:00:00,2023-11-24 19:00:00
"CHIMN","PRECIP_RAINE",2023-11-25 09:00:00,2023-11-25 11:00:00
"CHIMN","PRECIP_RAINE",2023-11-29 09:00:00,2023-11-29 14:00:00
"CHIMN","PRECIP_RAINE",2023-11-30 09:00:00,2023-11-30 13:00:00
"CHIMN","PRECIP_RAINE",2023-12-01 00:00:00,2023-12-02 16:00:00
"CHIMN","PRECIP_RAINE",2023-12-06 00:00:00,2023-12-07 00:00:00
"CHIMN","PRECIP_RAINE",2023-12-08 00:00:00,2023-12-09 00:00:00
"CHIMN","PRECIP_RAINE",2023-12-22 12:00:00,2023-12-23 18:00:00
"CHIMN","PRECIP",2023-12-24 18:00:00,2023-12-25 03:00:00
"CHIMN","PRECIP_RAINE",2023-12-26 07:00:00,2023-12-26 17:00:00
"CHIMN","PRECIP_RAINE",2023-12-28 18:00:00,2023-12-29 00:00:00
"CHIMN","PRECIP_RAINE",2023-12-29 22:00:00,2023-12-30 09:00:00
"CHIMN","PRECIP_RAINE",2024-01-03 18:00:00,2024-01-04 15:00:00
"CHIMN","PRECIP_RAINE",2024-01-05 07:00:00,2024-01-05 15:00:00
"CHIMN","PRECIP_RAINE",2024-01-06 01:00:00,2024-01-12 00:00:00
"CHIMN","PRECIP_RAINE",2024-01-14 14:00:00,2024-01-14 19:00:00
"CHIMN","PRECIP_RAINE",2024-01-15 09:00:00,2024-01-15 12:00:00
"CHIMN","PRECIP_RAINE",2024-01-19 09:00:00,2024-01-19 12:00:00
"CHIMN","PRECIP_RAINE",2024-01-27 08:00:00,2024-01-27 12:00:00
"CHIMN","PRECIP_RAINE",2024-01-28 10:00:00,2024-01-28 17:00:00
"CHIMN","PRECIP_RAINE",2024-02-01 09:00:00,2024-02-01 11:00:00
"CHIMN","PRECIP",2024-02-02 00:00:00,2024-02-06 00:00:00
"CHIMN","PRECIP_RAINE",2024-02-09 15:00:00,2024-02-09 20:00:00
"CHIMN","PRECIP_RAINE",2024-02-10 05:00:00,2024-02-10 10:00:00
"CHIMN","PRECIP_RAINE",2024-02-11 23:00:00,2024-02-12 10:00:00
"CHIMN","PRECIP_RAINE",2024-02-14 13:00:00,2024-02-15 00:00:00
"CHIMN","PRECIP_RAINE",2024-02-16 04:30:00,2024-02-16 09:00:00
"CHIMN","PRECIP_RAINE",2024-02-17 03:00:00,2024-02-17 05:00:00
"CHIMN","PRECIP_RAINE",2024-02-18 22:00:00,2024-02-19 10:00:00
"CHIMN","PRECIP_RAINE",2024-02-20 23:00:00,2024-02-21 01:00:00
"CHIMN","PRECIP_RAINE",2024-02-23 05:00:00,2024-02-24 12:00:00
"CHIMN","PRECIP_RAINE",2024-02-27 08:00:00,2024-02-28 14:00:00
"CHIMN","PRECIP_RAINE",2024-02-28 22:00:00,2024-02-29 06:00:00
"CHIMN","PRECIP_RAINE",2024-03-02 14:00:00,2024-03-04 11:00:00
"CHIMN","PRECIP_RAINE",2024-03-05 00:00:00,2024-03-10 00:00:00
"CHIMN","PRECIP_RAINE",2024-03-11 11:00:00,2024-03-11 13:00:00
"CHIMN","PRECIP_RAINE",2024-03-14 12:00:00,2024-03-14 15:00:00
"CHIMN","PRECIP_RAINE",2024-03-15 11:00:00,2024-03-16 10:00:00
"CHIMN","PRECIP_RAINE",2024-03-18 07:00:00,2024-03-18 10:00:00
"CHIMN","PRECIP_RAINE",2024-03-30 00:00:00,2024-03-30 09:00:00
"CHIMN","PRECIP_RAINE",2024-04-01 04:30:00,2024-04-01 07:00:00
"CHIMN","PRECIP_RAINE",2024-04-01 22:00:00,2024-04-02 01:00:00
"CHIMN","PRECIP_RAINE",2024-04-02 19:30:00,2024-04-02 23:00:00
"CHIMN","PRECIP_RAINE",2024-04-03 04:00:00,2024-04-03 11:00:00
"CHIMN","PRECIP_RAINE",2024-04-05 19:00:00,2024-04-05 23:00:00
"CHIMN","PRECIP_RAINE",2024-04-07 02:00:00,2024-04-07 04:00:00
"CHIMN","PRECIP_RAINE",2024-04-08 16:00:00,2024-04-08 17:00:00
"CHIMN","PRECIP_RAINE",2024-04-10 05:00:00,2024-04-10 11:00:00
"CHIMN","PRECIP_RAINE",2024-04-18 06:30:00,2024-04-18 06:30:00
"CHIMN","PRECIP_RAINE",2024-04-19 12:30:00,2024-04-19 12:30:00
"CHIMN","PRECIP_RAINE",2024-04-19 21:30:00,2024-04-19 22:30:00
"CHIMN","PA",2024-08-28 10:00:00,2024-08-28 10:00:00
"CHIMN","CTS_MOD",2024-11-26 14:30:00,2024-11-26 14:30:00
"CHIMN","CTS_MOD",2024-12-01 19:00:00,2024-12-01 19:00:00
"CHIMN","CTS_MOD",2024-12-17 00:00:00,2024-12-17 00:00:00
"CHIMN","CTS_MOD",2026-01-19 22:30:00,2026-01-20 14:30:00
"CHOBH","PRECIP_TIPPING2",2015-02-24 00:00:00,
"CHOBH","PA;CTS_MOD",2015-02-24 14:00:00,2015-02-24 14:00:00
"CHOBH","PRECIP",2015-03-01 11:00:00,2015-03-10 14:00:00
"CHOBH","PRECIP",2015-03-14 17:00:00,2015-03-27 16:30:00
"CHOBH","PA",2015-06-02 13:00:00,2015-06-02 13:00:00
"CHOBH","PRECIP;TA;RH;Q",2016-04-19 11:30:00,2016-04-19 11:30:00
"CHOBH","PA;TA",2016-05-10 13:30:00,2016-05-10 14:30:00
"CHOBH","PA",2016-05-10 16:30:00,2016-05-10 17:00:00
"CHOBH","TA;PA",2016-05-10 23:30:00,2016-05-10 23:30:00
"CHOBH","PA;TA",2016-05-11 00:00:00,2016-05-11 00:00:00
"CHOBH","TA",2016-05-11 14:00:00,2016-05-11 14:00:00
"CHOBH","TA",2016-05-11 21:30:00,2016-05-11 21:30:00
"CHOBH","PA",2016-05-12 04:00:00,2016-05-12 04:00:00
"CHOBH","TA",2016-05-12 04:30:00,2016-05-12 04:30:00
"CHOBH","PA",2016-05-12 11:30:00,2016-05-12 11:30:00
"CHOBH","PA",2016-05-12 18:30:00,2016-05-12 18:30:00
"CHOBH","TA",2016-05-12 19:00:00,2016-05-12 19:00:00
"CHOBH","PA",2016-05-13 08:30:00,2016-05-13 09:00:00
"CHOBH","STP_TSOIL10",2016-06-02 13:00:00,2016-07-23 09:30:00
"CHOBH","STP_TSOIL10",2016-08-17 15:30:00,2016-08-30 19:00:00
"CHOBH","CTS_MOD",2016-08-22 14:30:00,2016-08-22 14:30:00
"CHOBH","PA",2017-04-25 10:00:00,2017-04-25 10:00:00
"CHOBH","CTS_MOD",2019-11-07 14:30:00,2019-11-07 14:30:00
"CHOBH","CTS_MOD",2019-11-07 16:00:00,2019-11-07 16:30:00
"CHOBH","CTS_MOD2",2019-11-27 11:30:00,2021-08-27 08:00:00
"CHOBH","PRECIP",2020-04-21 00:30:00,2020-05-16 00:00:00
"CHOBH","CTS_MOD",2021-08-31 10:00:00,2021-09-03 08:30:00
"CHOBH","CTS_MOD",2022-06-19 06:30:00,2022-06-20 00:00:00
"CHOBH","STP_TSOIL2;STP_TSOIL5;STP_TSOIL10;STP_TSOIL20;STP_TSOIL50",2022-06-19 08:30:00,2022-06-19 12:00:00
"CHOBH","STP_TSOIL2;STP_TSOIL5;STP_TSOIL10;STP_TSOIL20;STP_TSOIL50",2022-06-19 15:00:00,2022-06-19 16:00:00
"CHOBH","STP_TSOIL2;STP_TSOIL5;STP_TSOIL10;STP_TSOIL20;STP_TSOIL50",2022-06-19 19:00:00,2022-06-19 20:30:00
"CHOBH","CTS_MOD;TDT1_VWC;TDT2_VWC",2022-06-27 01:30:00,2022-06-27 16:00:00
"CHOBH","PRECIP",2023-07-06 05:30:00,2023-07-07 06:30:00
"CHOBH","CTS_MOD",2023-08-08 10:00:00,2023-08-08 10:00:00
"CHOBH","PRECIP_RAINE",2023-09-10 00:00:00,2023-09-11 00:00:00
"CHOBH","PRECIP_RAINE",2023-11-07 00:00:00,2023-11-07 10:00:00
"CHOBH","PRECIP_RAINE",2023-11-11 07:00:00,2023-11-11 10:00:00
"CHOBH","PRECIP_RAINE",2023-11-23 00:00:00,2023-11-23 10:00:00
"CHOBH","PRECIP_RAINE",2024-01-06 19:00:00,2024-01-07 02:00:00
"CHOBH","PRECIP_RAINE",2024-01-11 08:00:00,2024-01-12 01:00:00
"CHOBH","PRECIP_RAINE",2024-02-01 00:00:00,2024-02-01 04:00:00
"CHOBH","PRECIP",2024-02-02 08:00:00,2024-02-02 11:00:00
"CHOBH","PRECIP_RAINE",2024-02-04 14:00:00,2024-02-04 17:00:00
"CHOBH","PRECIP_RAINE",2024-02-06 06:00:00,2024-02-06 09:00:00
"CHOBH","PRECIP_RAINE",2024-02-16 07:00:00,2024-02-17 11:00:00
"CHOBH","PRECIP_RAINE",2024-02-18 18:00:00,2024-02-20 12:00:00
"CHOBH","PRECIP_RAINE",2024-02-21 17:00:00,2024-02-21 19:00:00
"CHOBH","PRECIP_RAINE",2024-02-22 20:00:00,2024-02-22 22:00:00
"CHOBH","PRECIP_RAINE",2024-02-23 18:00:00,2024-02-23 21:00:00
"CHOBH","PRECIP_RAINE",2024-02-25 08:00:00,2024-02-25 10:00:00
"CHOBH","PRECIP_RAINE",2024-02-28 19:00:00,2024-02-29 00:00:00
"CHOBH","PRECIP_RAINE",2024-03-03 09:00:00,2024-03-03 11:00:00
"CHOBH","PRECIP_RAINE",2024-03-06 07:00:00,2024-03-06 10:00:00
"CHOBH","PRECIP_RAINE",2024-03-14 10:00:00,2024-03-14 18:00:00
"CHOBH","PRECIP_RAINE",2024-03-15 01:00:00,2024-03-15 20:00:00
"CHOBH","PRECIP_RAINE",2024-03-16 21:00:00,2024-03-16 23:00:00
"CHOBH","PRECIP_RAINE",2024-03-19 09:00:00,2024-03-19 22:00:00
"CHOBH","PRECIP_RAINE",2024-03-29 00:00:00,2024-03-29 03:00:00
"CHOBH","PRECIP_RAINE",2024-03-29 06:30:00,2024-03-29 08:00:00
"CHOBH","PRECIP_RAINE",2024-03-30 07:00:00,2024-03-30 09:00:00
"CHOBH","PRECIP_RAINE",2024-03-31 06:00:00,2024-03-31 08:00:00
"CHOBH","PRECIP_RAINE",2024-04-01 01:00:00,2024-04-01 08:00:00
"CHOBH","PRECIP_RAINE",2024-04-05 19:00:00,2024-04-05 22:00:00
"CHOBH","PRECIP_RAINE",2024-04-09 09:00:00,2024-04-09 17:00:00
"CHOBH","PRECIP_RAINE",2024-04-10 17:30:00,2024-04-10 19:00:00
"CHOBH","CTS_MOD",2026-01-19 22:30:00,2026-01-20 14:30:00
"COCHN","PA",2019-10-17 09:00:00,2019-10-17 09:30:00
"COCHN","PA",2019-10-17 13:00:00,2019-10-17 13:00:00
"COCHN","PA",2019-10-17 14:00:00,2019-10-17 14:00:00
"COCHN","PA",2019-10-17 16:00:00,2019-10-17 16:00:00
"COCHN","PA",2020-11-12 13:30:00,2020-11-12 13:30:00
"COCHN","CTS_MOD",2026-01-19 22:30:00,2026-01-20 14:30:00
"COCLP","PRECIP_TIPPING2",2014-11-21 00:00:00,
"COCLP","TA;RH;Q;PA",2015-08-04 16:00:00,2015-09-02 14:30:00
"COCLP","TA;RH;Q;PA",2015-09-07 14:30:00,2015-10-13 09:30:00
"COCLP","PRECIP",2015-11-26 14:00:00,2016-04-05 15:00:00
"COCLP","TDT1_TSOIL;TDT2_TSOIL",2015-12-03 12:30:00,2015-12-07 13:30:00
"COCLP","CTS_MOD",2016-05-06 09:00:00,2016-05-06 09:00:00
"COCLP","CTS_MOD",2016-05-16 15:30:00,2016-05-16 15:30:00
"COCLP","PA",2016-12-14 12:00:00,2016-12-14 12:00:00
"COCLP","CTS_MOD",2017-01-10 16:00:00,2017-01-10 16:00:00
"COCLP","CTS_MOD",2017-02-22 11:00:00,2017-02-22 11:00:00
"COCLP","CTS_MOD",2017-03-30 08:30:00,2017-03-30 08:30:00
"COCLP","CTS_MOD",2017-04-25 14:30:00,2017-04-25 14:30:00
"COCLP","STP_TSOIL2;STP_TSOIL5;STP_TSOIL10;STP_TSOIL20;STP_TSOIL50;LWIN;LWOUT",2017-05-26 09:30:00,2017-06-15 14:30:00
"COCLP","CTS_MOD",2017-05-26 10:30:00,2017-05-26 10:30:00
"COCLP","CTS_MOD",2017-05-26 11:00:00,2017-05-26 11:00:00
"COCLP","CTS_MOD",2017-06-15 14:30:00,2017-06-15 14:30:00
"COCLP","CTS_MOD",2017-06-15 16:00:00,2017-06-15 16:00:00
"COCLP","CTS_MOD",2017-08-25 19:30:00,2017-08-25 19:30:00
"COCLP","CTS_MOD",2017-10-08 13:00:00,2017-10-08 13:00:00
"COCLP","CTS_MOD",2017-11-16 14:00:00,2017-11-16 15:00:00
"COCLP","LWIN",2018-01-25 14:00:00,2018-01-25 14:00:00
"COCLP","CTS_MOD",2018-01-31 11:00:00,2018-02-02 11:00:00
"COCLP","CTS_MOD2",2018-01-31 11:00:00,2018-02-02 11:00:00
"COCLP","PA;TA",2018-09-27 04:30:00,2018-09-27 04:30:00
"COCLP","PA;TA",2018-09-27 10:30:00,2018-09-27 10:30:00
"COCLP","PA;TA",2018-09-27 11:30:00,2018-09-27 12:30:00
"COCLP","PA;TA",2018-10-05 14:30:00,2018-10-05 14:30:00
"COCLP","PA;TA",2018-10-08 03:30:00,2018-10-08 04:00:00
"COCLP","PA;TA",2018-10-08 15:00:00,2018-10-08 15:00:00
"COCLP","PA;TA",2018-10-10 04:30:00,2018-10-10 04:30:00
"COCLP","PA;TA",2018-10-11 00:30:00,2018-10-11 01:00:00
"COCLP","PA;TA;RH",2018-10-12 13:00:00,2018-10-12 18:30:00
"COCLP","CTS_MOD",2018-10-19 10:00:00,2018-10-19 11:00:00
"COCLP","PA;TA",2018-10-26 06:00:00,2018-10-26 06:00:00
"COCLP","RH;TA",2018-10-26 11:30:00,2018-10-26 11:30:00
"COCLP","PA;TA",2018-10-28 11:00:00,2018-10-28 12:30:00
"COCLP","PA;TA",2018-10-31 00:30:00,2018-10-31 00:30:00
"COCLP","PA;TA",2018-10-31 02:00:00,2018-10-31 02:00:00
"COCLP","PA;TA",2018-11-03 06:00:00,2018-11-03 06:00:00
"COCLP","PA;TA",2018-11-03 07:00:00,2018-11-03 07:00:00
"COCLP","TA",2018-11-06 10:30:00,2018-11-06 10:30:00
"COCLP","PA;TA;RH",2018-11-06 23:00:00,2018-11-06 23:00:00
"COCLP","PA;TA",2018-11-21 05:00:00,2018-11-21 05:30:00
"COCLP","PA;TA",2018-11-21 06:30:00,2018-11-21 06:30:00
"COCLP","PA;TA;RH",2018-11-21 21:30:00,2018-11-22 01:30:00
"COCLP","PA;TA;RH",2018-12-06 19:30:00,2018-12-06 19:30:00
"COCLP","PA;TA;RH",2018-12-09 00:30:00,2018-12-09 00:30:00
"COCLP","PA;TA;RH",2018-12-09 11:00:00,2018-12-09 11:00:00
"COCLP","PA;TA",2018-12-11 20:30:00,2018-12-11 20:30:00
"COCLP","PA;TA",2018-12-13 03:30:00,2018-12-13 03:30:00
"COCLP","PA;TA",2018-12-18 07:00:00,2018-12-18 07:00:00
"COCLP","PA;TA;RH",2019-10-31 11:00:00,2019-10-31 11:00:00
"COCLP","PRECIP",2020-08-03 12:00:00,2020-08-03 16:30:00
"COCLP","CTS_MOD",2020-10-06 12:00:00,2020-10-06 12:00:00
"COCLP","CTS_MOD;TDT1_VWC;TDT1_TSOIL;TDT1_SOILPERM;TDT2_VWC;TDT2_TSOIL;TDT2_SOILPERM;PRECIP",2021-06-27 14:00:00,2021-06-28 12:00:00
"COCLP","PRECIP",2022-04-19 00:30:00,2022-04-24 12:00:00
"COCLP","PA;SWIN",2022-06-14 11:00:00,2022-06-14 12:00:00
"COCLP","CTS_MOD",2022-06-14 11:00:00,2022-06-14 11:00:00
"COCLP","PRECIP",2022-07-18 00:00:00,2022-08-29 00:00:00
"COCLP","CTS_MOD",2022-07-31 19:30:00,2022-07-31 19:30:00
"COCLP","PRECIP",2023-09-08 00:00:00,2023-09-10 00:00:00
"COCLP","PRECIP",2023-09-12 00:00:00,2023-09-15 00:00:00
"COCLP","PRECIP",2023-09-22 00:00:00,2023-09-25 00:00:00
"COCLP","CTS_MOD",2024-05-29 09:00:00,2024-05-29 09:00:00
"COCLP","PA",2025-05-14 08:30:00,2025-05-14 08:30:00
"COCLP","CTS_MOD",2026-01-19 22:30:00,2026-01-21 14:30:00
"COCLP","WS;WD",2026-07-09 03:30:00,2026-07-22 03:00:00
"CRICH","PRECIP_TIPPING2",2014-12-02 00:00:00,2024-12-17 12:00:00
"CRICH","PA;CTS_MOD",2014-12-02 15:00:00,2014-12-02 15:00:00
"CRICH","G1",2014-12-09 12:30:00,2014-12-09 19:00:00
"CRICH","G1",2014-12-14 04:30:00,2014-12-14 15:00:00
"CRICH","G1",2014-12-16 18:00:00,2015-06-09 16:00:00
"CRICH","RH;TA;Q",2015-10-06 08:30:00,2015-10-08 01:00:00
"CRICH","RH;TA;Q",2016-05-08 13:30:00,2016-05-09 21:00:00
"CRICH","RH;TA;Q",2016-05-17 23:30:00,2016-05-18 14:00:00
"CRICH","RH;TA;Q",2016-05-18 00:00:00,2016-05-18 13:30:00
"CRICH","CTS_MOD",2016-05-18 14:00:00,2016-05-18 14:30:00
"CRICH","TA",2017-01-18 11:00:00,2017-01-18 11:00:00
"CRICH","TAU;E_SAT_MEAN",2017-01-18 11:30:00,2017-01-18 11:30:00
"CRICH","CTS_MOD;PROFILE_VWC15;PROFILE_VWC40;PROFILE_VWC65;TDT1_VWC;TDT2_VWC;TDT1_TSOIL;TDT2_TSOIL;TDT1_SOILEC;TDT2_SOILEC;TDT1_SOILPERM;TDT2_SOILPERM;G1",2017-03-19 00:00:00,2017-03-29 07:30:00
"CRICH","CTS_MOD",2017-03-29 08:30:00,2017-03-29 08:30:00
"CRICH","CTS_MOD",2017-04-25 10:30:00,2017-04-25 10:30:00
"CRICH","CTS_MOD",2017-08-04 09:30:00,2017-08-04 09:30:00
"CRICH","CTS_MOD",2017-09-05 00:30:00,2017-09-05 00:30:00
"CRICH","PA;TA",2017-11-07 14:30:00,2017-11-07 14:30:00
"CRICH","CTS_MOD",2018-07-05 06:00:00,2018-07-05 06:00:00
"CRICH","CTS_MOD",2018-08-14 09:30:00,2018-08-14 09:30:00
"CRICH","CTS_MOD2",2019-09-03 10:00:00,2021-05-12 06:30:00
"CRICH","CTS_MOD",2019-09-03 12:00:00,2019-09-03 12:00:00
"CRICH","PRECIP",2020-04-19 00:30:00,2020-04-27 00:30:00
"CRICH","CTS_MOD",2020-05-18 08:00:00,2020-05-18 08:00:00
"CRICH","CTS_MOD",2020-08-12 17:30:00,2020-08-12 17:30:00
"CRICH","G1;G2",2021-05-12 09:00:00,2021-05-12 14:00:00
"CRICH","CTS_MOD",2021-05-12 14:00:00,2021-05-12 14:30:00
"CRICH","PRECIP",2021-09-11 14:00:00,2021-11-25 00:00:00
"CRICH","SWOUT",2021-09-30 05:00:00,2021-12-06 07:00:00
"CRICH","LWIN",2021-12-11 15:30:00,2022-03-08 11:00:00
"CRICH","LWIN",2021-12-12 15:00:00,2021-12-13 02:00:00
"CRICH","LWIN",2021-12-14 10:30:00,2021-12-14 15:00:00
"CRICH","G2",2021-12-17 01:00:00,2022-03-08 11:00:00
"CRICH","CTS_MOD",2022-06-15 11:00:00,2022-06-15 11:00:00
"CRICH","LWIN",2023-01-16 06:00:00,2023-06-07 13:00:00
"CRICH","PA",2023-06-07 10:30:00,2023-06-07 10:30:00
"CRICH","WS;WD",2024-06-20 15:30:00,2024-06-21 01:00:00
"CRICH","CTS_MOD",2026-01-19 22:30:00,2026-01-20 14:30:00
"EASTB","PRECIP_TIPPING2",2014-08-14 00:00:00,
"EASTB","TDT1_TSOIL",2014-10-04 22:00:00,2016-11-15 13:00:00
"EASTB","TDT2_TSOIL",2015-03-24 08:00:00,2016-11-15 13:00:00
"EASTB","CTS_MOD",2015-03-24 09:00:00,2015-03-25 20:30:00
"EASTB","CTS_MOD",2015-03-30 18:30:00,2015-04-21 13:00:00
"EASTB","CTS_MOD",2016-04-06 10:30:00,2016-04-06 10:30:00
"EASTB","CTS_MOD",2016-05-17 16:00:00,2016-05-17 16:00:00
"EASTB","TDT2_VWC",2018-05-04 06:00:00,2018-05-04 06:00:00
"EASTB","CTS_MOD",2018-10-18 10:00:00,2018-10-18 10:00:00
"EASTB","CTS_MOD",2018-10-18 14:00:00,2018-10-18 14:00:00
"EASTB","CTS_MOD2",2019-10-29 12:30:00,2021-06-09 09:30:00
"EASTB","CTS_MOD",2019-10-29 13:30:00,2019-10-29 13:30:00
"EASTB","CTS_MOD",2020-09-08 10:00:00,2020-09-08 10:00:00
"EASTB","CTS_MOD",2020-10-08 09:00:00,2020-10-08 10:00:00
"EASTB","TA;PA;RH",2020-10-08 12:00:00,2020-10-08 12:30:00
"EASTB","CTS_MOD",2021-04-22 12:30:00,2021-04-22 12:30:00
"EASTB","TDT1_VWC",2021-10-03 17:30:00,2022-08-17 10:00:00
"EASTB","TDT2_VWC",2023-01-22 12:30:00,2023-08-17 00:00:00
"EASTB","PA",2023-08-16 09:30:00,2023-08-16 10:30:00
"EASTB","PA",2024-08-07 09:00:00,2024-08-07 09:00:00
"EASTB","PA",2025-08-14 08:30:00,2025-08-14 08:30:00
"EASTB","CTS_MOD",2026-01-19 22:30:00,2026-01-20 14:30:00
"ELMST","PRECIP_TIPPING2",2016-08-11 00:00:00,2026-03-11 12:00:00
"ELMST","PA",2016-08-11 15:30:00,2016-08-11 15:30:00
"ELMST","SWOUT",2018-02-28 07:00:00,2018-02-28 18:00:00
"ELMST","CTS_MOD;PA",2018-09-21 10:00:00,2018-09-21 10:00:00
"ELMST","PA",2018-10-05 12:00:00,2018-10-05 12:00:00
"ELMST","PRECIP",2019-10-13 00:30:00,2019-11-19 12:00:00
"ELMST","PRECIP",2020-08-05 09:30:00,2020-08-05 10:30:00
"ELMST","SWOUT",2021-02-07 00:00:00,2021-02-15 00:00:00
"ELMST","PA",2024-07-11 06:30:00,2024-07-11 06:30:00
"ELMST","CTS_MOD",2026-01-19 22:30:00,2026-01-20 14:30:00
"EUSTN","PRECIP_TIPPING2",2016-03-31 00:00:00,
"EUSTN","PA",2016-03-31 16:00:00,2016-03-31 16:00:00
"EUSTN","PA",2017-04-20 08:30:00,2017-04-20 08:30:00
"EUSTN","PA",2017-08-31 13:00:00,2017-08-31 13:00:00
"EUSTN","PA",2018-09-20 10:00:00,2018-09-20 10:00:00
"EUSTN","PA",2018-12-01 09:30:00,2018-12-01 09:30:00
"EUSTN","PA",2018-12-01 15:30:00,2018-12-01 15:30:00
"EUSTN","CTS_MOD",2018-12-14 15:00:00,2018-12-14 15:00:00
"EUSTN","CTS_MOD;PA",2018-12-14 17:30:00,2018-12-14 17:30:00
"EUSTN","CTS_MOD;PA",2019-06-18 09:00:00,2019-06-18 09:00:00
"EUSTN","PA",2019-09-25 12:00:00,2019-09-25 12:00:00
"EUSTN","PRECIP",2019-10-17 00:30:00,2019-11-20 09:00:00
"EUSTN","TDT2_VWC;TDT2_SOILPERM",2020-04-05 05:30:00,2020-04-05 05:30:00
"EUSTN","CTS_MOD",2020-07-31 12:00:00,2020-07-31 12:00:00
"EUSTN","TDT8_SOILEC;TDT8_SOILPERM;TDT8_TSOIL;TDT8_VWC",2020-08-25 00:30:00,2020-08-25 00:30:00
"EUSTN","LWIN;LWOUT;TNR01C",2021-05-13 21:30:00,2021-05-15 15:00:00
"EUSTN","LWIN;LWOUT;TNR01C",2021-07-16 02:00:00,2021-07-16 02:30:00
"EUSTN","LWIN;LWOUT;TNR01C",2021-07-18 20:30:00,2021-07-18 21:00:00
"EUSTN","LWIN;LWOUT;TNR01C",2021-07-23 11:30:00,2021-07-24 06:30:00
"EUSTN","LWIN;LWOUT;TNR01C",2021-08-01 06:30:00,2021-08-01 09:00:00
"EUSTN","LWIN;LWOUT;TNR01C",2021-08-01 12:00:00,2021-08-01 12:00:00
"EUSTN","LWIN;LWOUT;TNR01C",2021-08-09 00:00:00,2021-08-09 09:00:00
"EUSTN","LWIN;LWOUT;TNR01C",2021-08-10 03:30:00,2021-08-10 06:30:00
"EUSTN","LWIN;LWOUT;TNR01C",2021-08-11 04:30:00,2021-08-11 06:30:00
"EUSTN","LWIN;LWOUT;TNR01C",2021-08-14 02:00:00,2021-08-14 07:30:00
"EUSTN","LWIN;LWOUT;TNR01C",2021-08-16 23:30:00,2021-08-17 11:30:00
"EUSTN","LWIN;LWOUT;TNR01C",2021-08-17 00:00:00,2021-08-17 11:30:00
"EUSTN","LWIN;LWOUT;TNR01C",2021-08-23 22:30:00,2021-08-24 01:30:00
"EUSTN","LWIN;LWOUT;TNR01C",2021-08-24 06:30:00,2021-08-24 07:30:00
"EUSTN","LWIN;LWOUT;TNR01C",2021-08-25 06:30:00,2021-08-25 08:30:00
"EUSTN","PA",2022-05-17 09:00:00,2022-05-17 09:00:00
"EUSTN","CTS_MOD",2024-05-08 09:00:00,2024-05-08 09:00:00
"EUSTN","PRECIP",2024-05-08 11:00:00,2024-05-08 11:00:00
"EUSTN","CTS_MOD",2026-01-19 22:30:00,2026-01-20 14:30:00
"EUSTN","PA",2026-07-14 09:00:00,2026-07-14 09:00:00
"FINCH","RH",2017-06-07 11:30:00,2017-06-21 17:30:00
"FINCH","TDT2_VWC",2017-07-09 04:00:00,2017-07-09 04:00:00
"FINCH","CTS_MOD;PA",2018-09-17 13:00:00,2018-09-17 13:00:00
"FINCH","PA",2019-09-23 11:30:00,2019-09-23 11:30:00
"FINCH","PRECIP",2020-05-20 00:30:00,2020-05-26 23:30:00
"FINCH","PA",2020-07-30 11:30:00,2020-07-30 12:30:00
"FINCH","G1",2021-04-27 09:00:00,2021-05-26 10:00:00
"FINCH","PA",2021-04-27 10:00:00,2021-04-27 10:00:00
"FINCH","G2",2021-07-20 16:30:00,2021-07-20 16:30:00
"FINCH","PRECIP",2021-08-19 11:00:00,2021-11-29 00:00:00
"FINCH","PRECIP",2022-03-21 00:30:00,2022-05-19 12:00:00
"FINCH","PA",2022-05-19 09:00:00,2022-05-19 11:00:00
"FINCH","PRECIP_RAINE",2022-06-06 18:30:00,2022-06-13 07:00:00
"FINCH","PRECIP",2022-07-23 00:00:00,2022-09-05 00:00:00
"FINCH","PRECIP",2023-07-27 14:00:00,2023-07-30 12:00:00
"FINCH","PRECIP",2023-08-01 00:00:00,2023-08-02 00:00:00
"FINCH","PRECIP",2023-08-06 03:00:00,2023-08-06 10:00:00
"FINCH","PRECIP",2023-08-06 16:00:00,2023-08-12 14:00:00
"FINCH","PRECIP",2023-08-16 06:00:00,2023-08-16 12:00:00
"FINCH","PRECIP",2023-08-17 00:00:00,2023-08-18 16:00:00
"FINCH","PRECIP",2023-08-18 12:00:00,2023-08-18 20:00:00
"FINCH","PRECIP",2023-08-19 06:00:00,2023-09-20 00:00:00
"FINCH","PRECIP",2023-09-21 00:00:00,2023-09-22 00:00:00
"FINCH","PRECIP",2023-09-22 00:00:00,2023-09-28 16:00:00
"FINCH","PRECIP",2023-09-29 08:00:00,2023-09-29 19:00:00
"FINCH","PRECIP",2023-09-30 09:00:00,2023-09-30 17:00:00
"FINCH","PRECIP",2023-10-01 08:00:00,2023-10-01 15:00:00
"FINCH","PRECIP",2023-10-02 08:00:00,2023-10-02 14:00:00
"FINCH","PRECIP",2023-10-03 09:00:00,2023-10-03 18:00:00
"FINCH","PRECIP",2023-10-04 09:00:00,2023-10-04 18:00:00
"FINCH","PRECIP",2023-10-05 08:00:00,2023-10-05 17:00:00
"FINCH","PRECIP",2023-10-06 00:00:00,2023-10-11 00:00:00
"FINCH","PRECIP",2023-10-12 09:00:00,2023-10-12 16:00:00
"FINCH","PRECIP",2023-10-13 10:00:00,2023-10-13 16:00:00
"FINCH","PRECIP",2023-10-14 00:00:00,2023-10-18 16:00:00
"FINCH","PRECIP",2023-10-19 08:00:00,2023-10-19 18:00:00
"FINCH","PRECIP",2023-10-22 06:00:00,2023-10-22 18:00:00
"FINCH","PRECIP",2023-10-23 09:00:00,2023-10-23 15:00:00
"FINCH","PRECIP",2023-10-24 15:00:00,2023-10-24 18:00:00
"FINCH","PRECIP",2023-10-25 11:00:00,2023-10-25 18:00:00
"FINCH","PRECIP",2023-10-26 15:00:00,2023-10-26 18:00:00
"FINCH","PRECIP",2023-10-27 10:00:00,2023-10-27 18:00:00
"FINCH","PRECIP",2023-10-28 12:00:00,2023-10-28 16:00:00
"FINCH","PRECIP",2023-10-30 09:00:00,2023-10-30 16:00:00
"FINCH","PRECIP_RAINE",2023-11-09 06:00:00,2023-11-09 09:00:00
"FINCH","PRECIP_RAINE",2023-11-28 19:00:00,2023-12-01 12:00:00
"FINCH","PRECIP_RAINE",2023-12-01 00:00:00,2023-12-02 00:00:00
"FINCH","PRECIP_RAINE",2023-12-06 00:00:00,2023-12-07 03:00:00
"FINCH","PRECIP_RAINE",2023-12-08 00:00:00,2023-12-08 12:00:00
"FINCH","PRECIP_RAINE",2023-12-27 17:00:00,2023-12-27 19:00:00
"FINCH","PRECIP_RAINE",2023-12-28 21:00:00,2023-12-28 23:00:00
"FINCH","PRECIP_RAINE",2023-12-29 16:00:00,2023-12-29 19:00:00
"FINCH","PRECIP_RAINE",2024-01-04 01:00:00,2024-01-04 03:00:00
"FINCH","PRECIP_RAINE",2024-01-06 17:00:00,2024-01-06 21:00:00
"FINCH","PRECIP_RAINE",2024-01-07 02:00:00,2024-01-07 12:00:00
"FINCH","PRECIP_RAINE",2024-01-12 09:00:00,2024-01-12 12:00:00
"FINCH","PRECIP_RAINE",2024-01-26 10:00:00,2024-01-26 13:00:00
"FINCH","PRECIP_RAINE",2024-01-31 22:00:00,2024-02-01 00:00:00
"FINCH","PRECIP_RAINE",2024-02-23 22:00:00,2024-02-29 00:00:00
"FINCH","PRECIP_RAINE",2024-03-02 01:00:00,2024-03-02 08:00:00
"FINCH","PRECIP_RAINE",2024-03-04 07:00:00,2024-03-04 10:00:00
"FINCH","PRECIP_RAINE",2024-03-05 22:00:00,2024-03-10 00:00:00
"FINCH","PRECIP_RAINE",2024-03-17 00:00:00,2024-03-17 02:00:00
"FINCH","PRECIP_RAINE",2024-03-20 07:00:00,2024-03-20 22:00:00
"FINCH","PRECIP_RAINE",2024-03-28 16:00:00,2024-03-31 13:00:00
"FINCH","PRECIP_RAINE",2024-04-03 12:00:00,2024-04-03 14:00:00
"FINCH","PRECIP_RAINE",2024-04-04 13:00:00,2024-04-04 15:00:00
"FINCH","PRECIP_RAINE",2024-04-04 21:00:00,2024-04-04 23:00:00
"FINCH","CTS_MOD",2024-07-11 14:00:00,2024-07-11 14:00:00
"FINCH","PRECIP",2025-08-05 08:00:00,2025-08-27 12:00:00
"FINCH","CTS_MOD",2026-01-19 22:30:00,2026-01-20 14:30:00
"FIVET","G1_STD;G2_STD;CTS_MOD;PA;RHO_A_MEAN;TDT3_VWC;TDT5_VWC",2018-06-26 15:30:00,2018-06-26 15:30:00
"FIVET","PA",2018-11-15 11:00:00,2018-11-15 11:30:00
"FIVET","CTS_MOD;PA;RH",2019-09-03 14:30:00,2019-09-03 14:30:00
"FIVET","PA",2019-09-18 09:30:00,2019-09-18 09:30:00
"FIVET","PA",2020-09-20 10:00:00,2020-09-20 10:00:00
"FIVET","SWIN;SWOUT",2020-09-29 09:30:00,2020-09-29 09:30:00
"FIVET","PA",2020-09-29 09:30:00,2020-09-29 12:00:00
"FIVET","RH;CTS_MOD",2020-09-29 10:00:00,2020-09-29 10:00:00
"FIVET","CTS_MOD;PA;RH;TA",2020-10-20 09:00:00,2020-10-20 10:00:00
"FIVET","WS;WD",2020-10-21 09:30:00,2020-10-23 11:00:00
"FIVET","CTS_MOD",2021-06-30 21:30:00,2021-06-30 21:30:00
"FIVET","PRECIP",2022-06-25 01:00:00,2022-06-25 01:00:00
"FIVET","CTS_MOD;PA",2022-07-26 07:00:00,2022-07-26 07:00:00
"FIVET","PA",2023-07-25 10:00:00,2023-07-25 10:30:00
"FIVET","CTS_MOD",2024-09-03 09:00:00,2024-09-03 09:00:00
"FIVET","CTS_MOD",2026-01-19 22:30:00,2026-01-21 14:30:00
"GISBN","PRECIP_TIPPING2",2014-08-15 00:00:00,
"GISBN","PRECIP",2014-08-15 12:00:00,2014-09-17 11:30:00
"GISBN","PA;CTS_MOD",2014-08-15 12:00:00,2014-08-15 12:00:00
"GISBN","PRECIP",2014-10-16 10:30:00,2014-12-05 14:30:00
"GISBN","CTS_MOD",2015-10-13 10:30:00,2015-10-13 10:30:00
"GISBN","CTS_MOD",2015-11-04 23:00:00,2015-11-18 16:00:00
"GISBN","PROFILE_SOILEC15;PROFILE_SOILEC40;PROFILE_SOILEC65",2015-11-18 15:30:00,2021-01-01 00:00:00
"GISBN","PA",2015-11-18 15:30:00,2015-11-18 15:30:00
"GISBN","CTS_MOD;PA",2016-01-10 11:00:00,2016-01-10 11:00:00
"GISBN","CTS_MOD;PA",2016-01-13 10:30:00,2016-01-13 10:30:00
"GISBN","PA",2016-04-18 08:00:00,2016-04-18 08:00:00
"GISBN","PA",2016-04-26 08:00:00,2016-04-26 08:00:00
"GISBN","PA",2016-04-29 21:30:00,2016-04-29 21:30:00
"GISBN","PA;RH;TA",2016-10-06 10:00:00,2016-10-06 10:00:00
"GISBN","SWIN",2016-11-18 13:30:00,2016-11-18 13:30:00
"GISBN","CTS_MOD2",2019-12-04 11:30:00,2021-06-01 00:00:00
"GISBN","PRECIP",2020-04-26 23:30:00,2020-04-26 23:30:00
"GISBN","TDT1_VWC;TDT1_TSOIL",2021-05-19 09:00:00,2021-05-19 09:00:00
"GISBN","CTS_MOD",2021-05-19 09:30:00,2021-05-19 09:30:00
"GISBN","RH",2021-05-19 11:00:00,2021-05-19 11:00:00
"GISBN","TDT1_VWC;TDT1_TSOIL",2021-05-19 11:30:00,2021-05-19 12:00:00
"GISBN","TA;SWIN;SWOUT;LWIN;LWOUT",2021-05-19 11:30:00,2021-05-19 12:00:00
"GISBN","WS",2022-06-09 16:00:00,2022-06-09 16:00:00
"GISBN","WS",2022-06-09 19:30:00,2022-06-09 19:30:00
"GISBN","CTS_MOD2",2023-11-20 12:00:00,2023-11-24 09:30:00
"GISBN","PA",2024-04-23 08:30:00,2024-04-23 08:30:00
"GISBN","PA",2025-04-24 10:00:00,2025-04-24 10:00:00
"GISBN","CTS_MOD",2026-01-19 22:30:00,2026-01-21 14:30:00
"GISBN","PRECIP",2026-05-13 01:00:00,2026-05-13 01:00:00
"GISBN","PRECIP",2026-05-14 00:30:00,2026-05-14 00:30:00
"GISBN","PRECIP",2026-05-15 11:30:00,2026-05-15 11:30:00
"GISBN","PRECIP",2026-05-15 16:00:00,2026-05-15 16:00:00
"GISBN","PRECIP",2026-05-15 19:00:00,2026-05-15 19:00:00
"GLENS","PRECIP_TIPPING2",2014-05-14 00:00:00,
"GLENS","PRECIP",2014-05-14 00:00:00,2014-07-28 10:30:00
"GLENS","PA;CTS_MOD",2014-05-14 11:30:00,2014-05-14 11:30:00
"GLENS","TDT2_TSOIL",2015-01-15 21:30:00,2015-02-15 13:00:00
"GLENS","TDT2_VWC",2015-02-26 15:30:00,2015-02-26 15:30:00
"GLENS","STP_TSOIL2;STP_TSOIL5;STP_TSOIL10;STP_TSOIL20;STP_TSOIL50;SWIN;SWOUT;LWIN;LWOUT;G1;G2",2015-08-14 15:30:00,2015-09-01 14:00:00
"GLENS","RH;Q;TA",2016-01-13 12:00:00,2016-01-17 19:00:00
"GLENS","TDT2_VWC",2016-03-06 21:00:00,2016-03-06 21:30:00
"GLENS","PA",2016-04-06 15:30:00,2016-04-06 15:30:00
"GLENS","TA;PA;RH;PROFILE_SOILEC40;Q;TAU;RHO_A_MEAN",2016-11-16 12:00:00,2016-11-16 12:00:00
"GLENS","CTS_MOD",2016-11-16 13:30:00,2016-11-16 13:30:00
"GLENS","CTS_MOD",2017-08-02 13:00:00,2017-08-02 14:30:00
"GLENS","RH",2017-08-24 10:00:00,2017-08-24 10:00:00
"GLENS","RH",2017-09-03 02:00:00,2017-09-03 19:00:00
"GLENS","RH",2017-09-24 17:00:00,2017-09-25 14:00:00
"GLENS","TDT2_VWC",2018-01-05 22:00:00,2018-01-05 22:00:00
"GLENS","TDT2_VWC",2018-01-11 07:00:00,2018-01-11 07:00:00
"GLENS","TDT2_VWC",2018-02-04 04:30:00,2018-02-04 04:30:00
"GLENS","RH",2019-08-27 15:00:00,2019-08-27 15:30:00
"GLENS","CTS_MOD2",2019-08-28 10:30:00,2021-09-21 08:00:00
"GLENS","PRECIP",2019-12-05 00:30:00,2020-01-19 00:30:00
"GLENS","CTS_MOD",2020-09-02 15:30:00,2020-09-02 15:30:00
"GLENS","CTS_MOD;CTS_SNOW",2020-09-03 09:30:00,2020-09-03 09:30:00
"GLENS","CTS_MOD;CTS_SNOW",2020-09-03 15:00:00,2020-09-03 15:00:00
"GLENS","G2",2020-12-15 06:30:00,2020-12-15 08:30:00
"GLENS","CTS_MOD",2021-09-21 09:30:00,2021-09-21 11:00:00
"GLENS","CTS_MOD;PRECIP;TDT1_VWC;TDT2_VWC;CTS_SNOW;SNOWD_DISTANCE_COR;SNOWD_DISTANCE_UNC",2021-10-03 17:30:00,2021-10-05 11:00:00
"GLENS","CTS_MOD;PRECIP;TDT1_VWC;TDT2_VWC;CTS_SNOW;SNOWD_DISTANCE_COR;SNOWD_DISTANCE_UNC",2022-04-12 00:30:00,2022-04-19 13:30:00
"GLENS","CTS_MOD;PRECIP;TDT1_VWC;TDT2_VWC;CTS_SNOW;SNOWD_DISTANCE_COR;SNOWD_DISTANCE_UNC",2022-04-20 20:30:00,2022-04-21 20:00:00
"GLENS","PRECIP",2023-08-30 08:00:00,2023-08-30 12:00:00
"GLENS","LWIN;LWOUT;PA",2023-08-30 09:00:00,2023-08-30 11:00:00
"GLENS","CTS_MOD",2023-11-22 11:00:00,2023-11-22 13:00:00
"GLENS","CTS_MOD",2026-01-19 22:30:00,2026-01-21 14:30:00
"GLENW","PRECIP_TIPPING2",2016-06-15 00:00:00,
"GLENW","G1",2018-07-08 00:00:00,2018-11-14 13:00:00
"GLENW","CTS_MOD;PA",2018-11-14 13:30:00,2018-11-14 15:30:00
"GLENW","PA",2019-08-22 11:00:00,2019-08-22 13:00:00
"GLENW","TA",2019-09-01 20:30:00,2019-09-01 20:30:00
"GLENW","TA",2019-09-02 19:00:00,2019-09-02 19:00:00
"GLENW","TA",2019-10-31 04:30:00,2019-10-31 04:30:00
"GLENW","TA",2019-10-31 19:30:00,2019-10-31 19:30:00
"GLENW","TA;RH",2019-11-03 17:30:00,2019-11-03 17:30:00
"GLENW","TA",2019-11-12 05:30:00,2019-11-12 05:30:00
"GLENW","TA",2019-11-14 03:00:00,2019-11-14 03:00:00
"GLENW","CTS_MOD",2020-08-14 08:00:00,2020-08-25 09:30:00
"GLENW","PA;CTS_MOD",2020-09-30 11:30:00,2020-09-30 11:30:00
"GLENW","CTS_MOD;PA",2020-10-21 09:00:00,2020-10-21 09:00:00
"GLENW","G1",2020-12-04 10:00:00,2020-12-04 14:30:00
"GLENW","G1",2020-12-08 01:00:00,2020-12-08 03:00:00
"GLENW","G1",2020-12-22 23:30:00,2020-12-23 01:00:00
"GLENW","G1",2020-12-26 20:30:00,2020-12-31 17:00:00
"GLENW","G1",2021-02-02 16:30:00,2021-02-02 17:00:00
"GLENW","G1",2021-03-12 14:30:00,2021-03-12 15:30:00
"GLENW","G1",2021-03-12 18:30:00,2021-03-12 19:30:00
"GLENW","G1",2021-04-29 07:30:00,2021-04-29 07:30:00
"GLENW","G1",2021-05-04 22:30:00,2021-05-04 23:00:00
"GLENW","G1",2021-05-05 12:00:00,2021-05-05 12:00:00
"GLENW","G1",2021-05-19 14:00:00,2021-05-19 14:30:00
"GLENW","G1",2021-05-23 11:30:00,2021-05-23 12:00:00
"GLENW","G1",2021-05-23 16:30:00,2021-05-23 16:30:00
"GLENW","CTS_MOD",2021-09-03 10:00:00,2021-09-03 10:00:00
"GLENW","PA",2022-07-28 10:00:00,2022-07-28 10:00:00
"GLENW","PA",2022-07-28 12:30:00,2022-07-28 12:30:00
"GLENW","G1",2023-04-15 00:30:00,2023-07-28 00:00:00
"GLENW","G2",2023-09-25 21:00:00,2024-09-05 07:00:00
"GLENW","PRECIP",2024-04-07 11:00:00,2024-04-07 13:00:00
"GLENW","G1",2024-04-22 20:30:00,2024-09-05 00:00:00
"GLENW","CTS_MOD",2026-01-19 22:30:00,2026-01-21 14:30:00
"HADLW","PRECIP_TIPPING2",2016-10-27 00:00:00,
"HADLW","PA",2018-04-11 14:00:00,2018-04-11 14:00:00
"HADLW","PA",2018-12-11 13:00:00,2018-12-11 13:00:00
"HADLW","PA",2020-11-18 10:30:00,2020-11-18 10:30:00
"HADLW","PA",2021-07-21 13:30:00,2021-07-21 13:30:00
"HADLW","G2",2022-07-19 10:00:00,2022-08-24 13:00:00
"HADLW","WS",2022-11-13 04:00:00,2022-11-13 04:30:00
"HADLW","CTS_MOD",2024-07-09 09:00:00,2024-07-09 09:00:00
"HADLW","PA",2025-03-11 20:00:00,2025-03-18 00:00:00
"HADLW","CTS_MOD",2026-01-19 22:30:00,2026-01-20 14:30:00
"HARTW","PRECIP_TIPPING2",2014-05-20 00:00:00,
"HARTW","PRECIP",2014-05-20 13:30:00,2014-05-20 23:30:00
"HARTW","CTS_MOD;PA",2014-07-30 10:30:00,2014-07-30 10:30:00
"HARTW","TDT1_TSOIL",2015-01-28 08:00:00,2015-03-17 15:30:00
"HARTW","TDT1_TSOIL",2015-03-30 21:30:00,2015-11-11 00:30:00
"HARTW","PA",2015-06-10 08:00:00,2015-06-10 08:00:00
"HARTW","TDT1_TSOIL",2015-11-13 17:00:00,2016-04-07 09:30:00
"HARTW","CTS_MOD;PA",2015-12-27 10:30:00,2015-12-27 10:30:00
"HARTW","CTS_MOD;PA",2016-01-08 10:30:00,2016-01-08 10:30:00
"HARTW","CTS_MOD;PA",2016-02-03 10:00:00,2016-02-03 10:00:00
"HARTW","PA",2016-04-07 09:30:00,2016-04-07 09:30:00
"HARTW","PA;RH",2017-01-17 10:30:00,2017-01-17 10:30:00
"HARTW","CTS_MOD2",2019-08-30 10:00:00,2021-08-24 08:00:00
"HARTW","CTS_MOD",2019-08-30 13:30:00,2019-08-30 13:30:00
"HARTW","PRECIP",2020-04-30 00:30:00,2020-05-02 00:30:00
"HARTW","PRECIP",2020-05-03 00:30:00,2020-05-05 00:30:00
"HARTW","PRECIP",2020-05-07 00:30:00,2020-05-09 21:30:00
"HARTW","PRECIP",2020-05-10 09:00:00,2020-05-17 00:30:00
"HARTW","CTS_MOD",2020-11-11 12:00:00,2020-11-11 15:30:00
"HARTW","PA",2020-11-11 12:00:00,2020-11-11 12:00:00
"HARTW","CTS_MOD",2021-04-23 06:00:00,2021-04-23 06:30:00
"HARTW","TA",2021-08-24 10:00:00,2021-08-24 12:30:00
"HARTW","CTS_MOD",2021-08-24 10:30:00,2021-08-24 11:00:00
"HARTW","CTS_MOD;PRECIP;TDT1_VWC;TDT2_VWC",2021-09-08 18:00:00,2021-09-14 08:00:00
"HARTW","CTS_MOD;PRECIP;TDT1_VWC;TDT2_VWC",2021-10-05 21:00:00,2021-10-08 07:30:00
"HARTW","CTS_MOD;PRECIP;TDT1_VWC;TDT2_VWC",2021-10-12 17:00:00,2021-10-14 08:30:00
"HARTW","CTS_MOD",2022-07-26 18:30:00,2022-07-26 18:30:00
"HARTW","LWOUT;LWIN",2022-08-03 16:00:00,2022-08-04 16:00:00
"HARTW","CTS_MOD",2022-08-08 16:00:00,2022-08-08 16:00:00
"HARTW","CTS_MOD",2022-08-09 09:00:00,2022-08-09 09:00:00
"HARTW","PRECIP",2022-08-18 00:30:00,2022-09-03 00:00:00
"HARTW","CTS_MOD",2022-08-19 14:00:00,2022-08-19 14:00:00
"HARTW","CTS_MOD",2023-02-07 23:30:00,2023-02-07 23:30:00
"HARTW","CTS_MOD",2023-03-15 11:30:00,2023-03-15 11:30:00
"HARTW","CTS_MOD",2023-03-16 23:30:00,2023-03-16 23:30:00
"HARTW","CTS_MOD",2023-03-18 11:30:00,2023-03-18 11:30:00
"HARTW","CTS_MOD",2023-03-28 21:30:00,2023-03-28 21:30:00
"HARTW","CTS_MOD",2023-04-16 06:30:00,2023-04-16 06:30:00
"HARTW","PRECIP",2023-08-10 00:00:00,2023-08-15 06:00:00
"HARTW","PA",2023-08-15 10:30:00,2023-08-15 10:30:00
"HARTW","PRECIP",2023-10-09 00:00:00,2023-10-19 00:00:00
"HARTW","CTS_MOD",2024-01-10 00:30:00,2024-01-10 00:30:00
"HARTW","CTS_MOD",2024-01-13 00:30:00,2024-01-13 00:30:00
"HARTW","CTS_MOD",2024-01-16 08:30:00,2024-01-16 08:30:00
"HARTW","CTS_MOD",2024-01-29 15:30:00,2024-01-29 15:30:00
"HARTW","PRECIP",2024-01-31 22:00:00,2024-02-02 00:00:00
"HARTW","CTS_MOD",2024-02-01 15:30:00,2024-02-01 15:30:00
"HARTW","PRECIP",2024-02-03 05:00:00,2024-02-04 00:00:00
"HARTW","CTS_MOD",2024-02-04 15:30:00,2024-02-04 15:30:00
"HARTW","PRECIP",2024-02-06 09:00:00,2024-02-08 00:00:00
"HARTW","PRECIP",2024-02-12 01:00:00,2024-02-12 15:00:00
"HARTW","PRECIP",2024-02-13 01:00:00,2024-02-13 15:00:00
"HARTW","PRECIP",2024-02-25 00:00:00,2024-02-26 00:00:00
"HARTW","CTS_MOD",2024-03-08 15:30:00,2024-03-08 15:30:00
"HARTW","PA",2024-08-06 09:00:00,2024-08-06 09:00:00
"HARTW","CTS_MOD",2026-01-19 22:30:00,2026-01-21 14:30:00
"HARTW","PA",2026-07-21 11:00:00,2026-07-21 11:00:00
"HARWD","PRECIP_TIPPING2",2015-05-20 00:00:00,
"HARWD","G2",2015-05-20 00:00:00,2015-06-16 12:30:00
"HARWD","LWIN",2015-05-22 12:00:00,2015-05-22 18:30:00
"HARWD","CTS_BARE",2015-05-22 12:00:00,2017-01-01 00:00:00
"HARWD","STP_TSOIL2;STP_TSOIL5;STP_TSOIL10;STP_TSOIL20;STP_TSOIL50",2015-05-23 10:00:00,2015-05-23 16:30:00
"HARWD","STP_TSOIL2;STP_TSOIL5;STP_TSOIL10;STP_TSOIL20;STP_TSOIL50",2015-05-25 11:00:00,2015-05-25 18:00:00
"HARWD","STP_TSOIL2;STP_TSOIL5;STP_TSOIL10;STP_TSOIL20;STP_TSOIL50",2015-05-26 08:00:00,2015-05-26 17:30:00
"HARWD","STP_TSOIL2;STP_TSOIL5;STP_TSOIL10;STP_TSOIL20;STP_TSOIL50",2015-05-27 10:00:00,2015-05-27 13:00:00
"HARWD","STP_TSOIL2;STP_TSOIL5;STP_TSOIL10;STP_TSOIL20;STP_TSOIL50",2015-05-28 15:00:00,2015-05-28 18:00:00
"HARWD","STP_TSOIL2;STP_TSOIL5;STP_TSOIL10;STP_TSOIL20;STP_TSOIL50",2015-05-29 09:30:00,2015-05-29 19:00:00
"HARWD","STP_TSOIL2;STP_TSOIL5;STP_TSOIL10;STP_TSOIL20;STP_TSOIL50",2015-05-30 07:00:00,2015-05-30 19:00:00
"HARWD","STP_TSOIL2;STP_TSOIL5;STP_TSOIL10;STP_TSOIL20;STP_TSOIL50",2015-05-31 07:00:00,2015-05-31 17:00:00
"HARWD","STP_TSOIL2;STP_TSOIL5;STP_TSOIL10;STP_TSOIL20;STP_TSOIL50",2015-06-01 07:00:00,2015-06-01 20:00:00
"HARWD","STP_TSOIL2;STP_TSOIL5;STP_TSOIL10;STP_TSOIL20;STP_TSOIL50",2015-06-02 06:30:00,2015-06-16 09:30:00
"HARWD","PA",2015-07-28 00:30:00,2015-07-28 00:30:00
"HARWD","G1;G2",2015-07-28 01:00:00,2015-07-29 00:30:00
"HARWD","PA",2015-08-03 09:30:00,2015-08-03 09:30:00
"HARWD","HS;TAU;U_STAR;TS;STDEV_TS;COV_TS_UX;COV_TS_UY;COV_TS_UZ;WS_RES;RHO_A_MEAN;E_SAT_MEAN",2016-05-17 11:00:00,2016-05-23 13:00:00
"HARWD","PA",2016-06-30 08:30:00,2016-06-30 08:30:00
"HARWD","WD",2016-12-13 10:30:00,2017-01-10 12:00:00
"HARWD","CTS_MOD",2017-02-22 09:30:00,2017-02-22 09:30:00
"HARWD","RH;Q;PA;TA",2017-02-23 16:30:00,2017-02-23 16:30:00
"HARWD","TA;RH;Q;PA;WS;WD",2017-03-22 23:30:00,2017-03-23 00:00:00
"HARWD","RH;Q",2017-10-05 23:30:00,2017-10-07 15:30:00
"HARWD","RH;Q",2017-10-13 12:00:00,2017-10-16 18:30:00
"HARWD","RH;Q",2017-10-18 02:30:00,2017-10-22 15:00:00
"HARWD","RH;Q",2017-10-24 12:00:00,2017-10-24 15:00:00
"HARWD","RH;Q",2017-10-28 09:30:00,2017-10-29 02:30:00
"HARWD","RH;Q",2017-10-31 05:00:00,2017-11-03 09:00:00
"HARWD","RH;Q",2017-11-08 23:00:00,2017-11-09 12:00:00
"HARWD","TA;RH",2017-12-01 03:00:00,2017-12-01 03:00:00
"HARWD","Q",2017-12-26 05:30:00,2017-12-26 07:00:00
"HARWD","TA",2017-12-26 05:30:00,2017-12-26 05:30:00
"HARWD","TA",2017-12-26 06:30:00,2017-12-26 06:30:00
"HARWD","PA",2017-12-26 07:00:00,2017-12-26 07:00:00
"HARWD","TA;RH;Q",2018-02-11 00:30:00,2018-02-11 09:30:00
"HARWD","TA;RH;PA;Q",2018-03-04 14:30:00,2018-03-04 16:30:00
"HARWD","PA;TA",2018-03-04 23:00:00,2018-03-04 23:00:00
"HARWD","TA;RH;PA;Q",2018-03-05 15:30:00,2018-03-05 16:00:00
"HARWD","TA;RH;PA;Q",2018-03-05 20:30:00,2018-03-06 03:00:00
"HARWD","TA;RH;PA;Q",2018-03-16 18:00:00,2018-03-17 12:00:00
"HARWD","TA;RH;PA;Q",2018-04-02 18:00:00,2018-04-02 22:30:00
"HARWD","SWOUT",2018-10-17 11:00:00,2018-10-17 11:00:00
"HARWD","PA",2018-12-16 00:30:00,2018-12-16 00:30:00
"HARWD","PA;TA",2019-07-31 06:00:00,2019-07-31 06:30:00
"HARWD","PA",2019-07-31 07:00:00,2019-07-31 07:00:00
"HARWD","CTS_MOD",2019-12-05 13:30:00,2019-12-05 13:30:00
"HARWD","SWOUT",2020-02-05 11:00:00,2020-02-05 13:00:00
"HARWD","PA;RH;TA",2020-02-09 20:30:00,2020-03-01 10:30:00
"HARWD","TA;PA",2020-05-22 20:00:00,2020-06-14 12:00:00
"HARWD","PA;RH;TA",2020-12-04 01:00:00,2020-12-04 04:30:00
"HARWD","RH;TA",2021-01-03 05:00:00,2021-01-03 05:00:00
"HARWD","PA;RH;TA",2021-01-16 07:30:00,2021-01-16 07:30:00
"HARWD","PA;RH;TA;WD;WS",2021-01-19 07:00:00,2021-01-19 16:00:00
"HARWD","PA;RH;TA;WD;WS",2021-01-28 09:00:00,2021-01-28 09:30:00
"HARWD","PA;RH;TA;WD;WS",2021-01-29 08:00:00,2021-01-29 09:30:00
"HARWD","PA;RH;TA",2021-01-29 13:30:00,2021-01-29 13:30:00
"HARWD","PA;RH;TA;WD;WS",2021-02-02 09:30:00,2021-02-04 04:00:00
"HARWD","PA;RH;TA;WD;WS",2021-02-06 16:30:00,2021-02-07 18:00:00
"HARWD","PA",2021-05-08 17:30:00,2021-05-08 17:30:00
"HARWD","PA;RH",2021-08-12 06:00:00,2021-08-12 06:00:00
"HARWD","CTS_MOD",2021-09-15 09:30:00,2021-09-15 09:30:00
"HARWD","CTS_MOD",2021-09-15 10:30:00,2021-09-15 11:00:00
"HARWD","PA",2021-09-15 11:00:00,2021-09-15 11:00:00
"HARWD","TA;PA;RH",2021-09-15 11:30:00,2022-01-03 13:00:00
"HARWD","CTS_MOD",2021-09-15 13:00:00,2021-09-15 13:30:00
"HARWD","TA",2021-11-08 07:00:00,2021-11-08 07:00:00
"HARWD","TA",2022-02-18 05:30:00,2022-02-18 05:30:00
"HARWD","RH",2022-03-29 07:00:00,2022-03-29 07:00:00
"HARWD","TA",2022-03-29 07:30:00,2022-03-29 07:30:00
"HARWD","CTS_MOD",2026-01-19 22:30:00,2026-01-20 14:30:00
"HENFS","PRECIP_TIPPING2",2015-12-17 00:00:00,
"HENFS","CTS_MOD",2015-12-17 13:00:00,2015-12-17 13:00:00
"HENFS","RH;Q",2015-12-18 10:30:00,2016-02-24 13:00:00
"HENFS","PRECIP",2015-12-18 11:30:00,2016-01-28 14:30:00
"HENFS","TA;PA;RH;Q;HS;TAU;RHO_A_MEAN;E_SAT_MEAN",2016-01-02 03:00:00,2016-01-28 14:30:00
"HENFS","TA",2016-02-24 12:30:00,2016-02-24 12:30:00
"HENFS","CTS_MOD",2017-12-19 11:30:00,2017-12-19 13:00:00
"HENFS","CTS_MOD",2019-02-12 12:30:00,2019-02-12 12:30:00
"HENFS","CTS_MOD",2019-03-21 14:30:00,2019-03-21 14:30:00
"HENFS","CTS_MOD",2019-09-18 11:00:00,2019-09-18 11:00:00
"HENFS","TA",2020-01-14 14:30:00,2020-01-14 15:00:00
"HENFS","CTS_MOD",2020-06-25 10:00:00,2020-06-25 13:00:00
"HENFS","CTS_MOD",2020-10-20 09:30:00,2020-10-20 10:00:00
"HENFS","CTS_MOD",2021-01-23 14:00:00,2021-01-23 14:00:00
"HENFS","CTS_MOD",2021-09-04 22:00:00,2021-09-06 14:00:00
"HENFS","CTS_MOD",2022-08-04 11:00:00,2022-08-04 11:00:00
"HENFS","PA",2022-08-04 11:30:00,2022-08-04 11:30:00
"HENFS","PA",2023-08-03 09:00:00,2023-08-03 09:00:00
"HENFS","CTS_MOD",2023-08-03 10:00:00,2023-08-03 10:00:00
"HENFS","PA",2024-07-25 10:00:00,2024-07-25 10:00:00
"HENFS","CTS_MOD",2024-07-25 11:30:00,2024-07-25 11:30:00
"HENFS","G1",2024-08-21 01:30:00,2025-01-15 15:00:00
"HENFS","RH",2025-08-26 12:30:00,2025-08-26 12:30:00
"HENFS","RH",2025-08-26 13:00:00,2025-08-26 13:00:00
"HENFS","RH",2025-08-26 22:00:00,2025-08-26 22:00:00
"HENFS","RH",2025-08-28 05:30:00,2025-08-28 05:30:00
"HENFS","RH",2025-08-28 18:30:00,2025-08-28 18:30:00
"HENFS","RH",2025-08-28 22:00:00,2025-08-28 22:00:00
"HENFS","RH",2025-08-28 22:30:00,2025-08-28 22:30:00
"HENFS","RH",2025-08-28 23:00:00,2025-08-28 23:00:00
"HENFS","CTS_MOD",2026-01-19 22:30:00,2026-01-20 14:30:00
"HILLB","PA;CTS_MOD",2016-06-14 17:00:00,2016-06-14 17:00:00
"HILLB","PRECIP_TIPPING2",2016-06-14 18:30:00,
"HILLB","PA",2018-03-07 12:00:00,2018-03-07 12:00:00
"HILLB","PA",2018-06-27 10:30:00,2018-06-27 10:30:00
"HILLB","PA",2018-06-27 13:00:00,2018-06-27 13:00:00
"HILLB","PRECIP",2018-11-15 14:55:00,2019-08-21 11:30:00
"HILLB","PA",2018-11-15 16:30:00,2018-11-15 16:30:00
"HILLB","PA",2020-09-30 12:30:00,2020-09-30 12:30:00
"HILLB","CTS_MOD",2020-09-30 13:00:00,2020-09-30 13:00:00
"HILLB","SWIN;SWOUT",2020-09-30 13:30:00,2020-09-30 13:30:00
"HILLB","CTS_MOD",2020-09-30 14:30:00,2020-09-30 14:30:00
"HILLB","PA",2020-09-30 14:30:00,2020-09-30 14:30:00
"HILLB","PA",2022-07-27 10:30:00,2022-07-27 10:30:00
"HILLB","CTS_MOD",2023-02-26 10:30:00,2023-02-26 10:30:00
"HILLB","CTS_MOD",2023-02-27 22:30:00,2023-02-27 22:30:00
"HILLB","CTS_MOD",2023-03-01 10:30:00,2023-03-01 10:30:00
"HILLB","CTS_MOD",2023-03-04 10:30:00,2023-03-04 10:30:00
"HILLB","PA",2023-07-26 09:00:00,2023-07-26 09:30:00
"HILLB","CTS_MOD",2023-08-17 04:30:00,2023-08-17 04:30:00
"HILLB","CTS_MOD",2023-08-20 04:30:00,2023-08-20 04:30:00
"HILLB","CTS_MOD",2023-08-21 16:30:00,2023-08-21 16:30:00
"HILLB","CTS_MOD",2023-09-04 11:30:00,2023-09-04 11:30:00
"HILLB","CTS_MOD",2023-09-05 23:30:00,2023-09-05 23:30:00
"HILLB","CTS_MOD",2024-01-29 09:30:00,2024-01-29 09:30:00
"HILLB","CTS_MOD",2024-01-30 21:30:00,2024-01-30 21:30:00
"HILLB","CTS_MOD",2024-02-02 21:30:00,2024-02-02 21:30:00
"HILLB","CTS_MOD",2024-05-09 18:30:00,2024-05-09 18:30:00
"HILLB","CTS_MOD",2024-05-12 18:30:00,2024-05-12 18:30:00
"HILLB","CTS_MOD",2024-05-16 15:30:00,2024-05-16 15:30:00
"HILLB","CTS_MOD",2024-05-18 02:30:00,2024-05-18 02:30:00
"HILLB","CTS_MOD",2024-05-21 02:30:00,2024-05-21 02:30:00
"HILLB","CTS_MOD",2024-05-31 14:30:00,2024-05-31 14:30:00
"HILLB","CTS_MOD",2024-06-02 02:30:00,2024-06-02 02:30:00
"HILLB","CTS_MOD",2024-06-08 02:30:00,2024-06-08 02:30:00
"HILLB","CTS_MOD",2024-06-11 02:30:00,2024-06-11 02:30:00
"HILLB","CTS_MOD",2024-06-12 14:30:00,2024-06-12 14:30:00
"HILLB","CTS_MOD",2024-06-22 08:30:00,2024-06-22 08:30:00
"HILLB","CTS_MOD",2024-06-23 20:30:00,2024-06-23 20:30:00
"HILLB","CTS_MOD",2024-06-25 08:30:00,2024-06-25 08:30:00
"HILLB","CTS_MOD",2024-06-28 08:30:00,2024-06-28 08:30:00
"HILLB","CTS_MOD",2026-01-19 22:30:00,2026-01-20 14:30:00
"HLACY","CTS_MOD;PA;RHO_A_MEAN;",2018-04-11 10:00:00,2018-04-11 10:00:00
"HLACY","PA",2018-05-18 11:30:00,2018-05-18 11:30:00
"HLACY","PA",2019-06-11 10:30:00,2019-06-11 10:30:00
"HLACY","PRECIP",2021-04-06 11:30:00,2021-04-10 00:30:00
"HLACY","G1",2021-05-06 10:30:00,2021-06-18 10:00:00
"HLACY","PA",2021-05-06 10:30:00,2021-05-06 10:30:00
"HLACY","PRECIP",2021-08-19 16:30:00,2021-10-04 01:00:00
"HLACY","PRECIP",2022-07-05 15:00:00,2022-10-11 00:00:00
"HLACY","PA",2023-05-23 11:00:00,2023-05-23 11:00:00
"HLACY","WS;WD",2023-07-05 12:00:00,2023-07-08 12:00:00
"HLACY","PRECIP",2023-08-11 00:00:00,2023-08-12 00:00:00
"HLACY","PRECIP",2023-08-20 00:00:00,2023-08-23 00:00:00
"HLACY","PRECIP",2023-08-30 00:00:00,2023-08-31 00:00:00
"HLACY","PRECIP",2023-09-01 00:00:00,2023-09-10 00:00:00
"HLACY","PRECIP",2023-09-11 00:00:00,2023-09-12 00:00:00
"HLACY","PRECIP",2023-09-13 00:00:00,2023-09-14 00:00:00
"HLACY","PRECIP",2023-09-14 12:00:00,2023-09-16 00:00:00
"HLACY","PRECIP",2023-09-22 00:00:00,2023-09-23 23:00:00
"HLACY","PRECIP",2023-09-24 10:00:00,2023-09-24 18:00:00
"HLACY","PRECIP",2023-09-25 01:00:00,2023-09-26 04:00:00
"HLACY","PRECIP",2023-09-26 10:00:00,2023-09-27 00:00:00
"HLACY","PRECIP",2023-09-28 00:00:00,2023-09-29 15:00:00
"HLACY","PRECIP",2023-10-03 00:00:00,2023-10-05 05:00:00
"HLACY","PRECIP",2023-10-05 12:00:00,2023-10-05 18:00:00
"HLACY","PRECIP",2023-10-06 00:00:00,2023-10-11 05:00:00
"HLACY","PRECIP",2023-10-14 07:00:00,2023-10-17 18:00:00
"HLACY","PRECIP",2023-10-20 13:00:00,2023-10-20 18:00:00
"HLACY","PRECIP",2023-10-21 13:00:00,2023-10-21 17:00:00
"HLACY","PRECIP",2023-10-22 21:00:00,2023-10-23 04:00:00
"HLACY","PRECIP",2023-10-24 08:00:00,2023-10-24 18:00:00
"HLACY","PRECIP",2023-10-25 11:00:00,2023-10-25 16:00:00
"HLACY","PRECIP",2023-10-29 00:00:00,2023-10-30 00:00:00
"HLACY","PRECIP",2023-10-31 09:00:00,2023-10-31 16:00:00
"HLACY","PRECIP",2023-11-03 07:00:00,2023-11-04 03:00:00
"HLACY","PRECIP",2023-11-05 08:00:00,2023-11-08 00:00:00
"HLACY","PRECIP",2023-11-15 08:00:00,2023-11-16 16:00:00
"HLACY","PRECIP_RAINE",2023-11-17 01:00:00,2023-11-17 11:00:00
"HLACY","PRECIP_RAINE",2023-11-19 13:00:00,2023-11-19 16:00:00
"HLACY","PRECIP_RAINE",2023-11-20 00:00:00,2023-11-20 14:00:00
"HLACY","PRECIP",2023-11-20 18:00:00,2023-11-20 20:00:00
"HLACY","PRECIP_RAINE",2023-11-21 23:00:00,2023-11-23 14:00:00
"HLACY","PRECIP",2023-11-24 09:00:00,2023-11-24 11:00:00
"HLACY","PRECIP_RAINE",2023-11-24 17:00:00,2023-11-25 14:00:00
"HLACY","PRECIP_RAINE",2023-11-27 06:00:00,2023-11-27 11:00:00
"HLACY","PRECIP",2023-11-28 00:00:00,2023-12-02 17:00:00
"HLACY","PRECIP_RAINE",2023-11-28 07:00:00,2023-12-01 00:00:00
"HLACY","PRECIP",2023-12-06 00:00:00,2023-12-06 13:00:00
"HLACY","PRECIP",2023-12-09 11:00:00,2023-12-10 05:00:00
"HLACY","PRECIP",2023-12-11 01:00:00,2023-12-11 17:00:00
"HLACY","PRECIP",2023-12-13 09:00:00,2023-12-13 15:00:00
"HLACY","PRECIP",2023-12-14 10:00:00,2023-12-14 17:00:00
"HLACY","PRECIP",2023-12-16 12:00:00,2023-12-16 15:00:00
"HLACY","PRECIP",2023-12-21 00:00:00,2023-12-23 16:00:00
"HLACY","PRECIP",2023-12-25 00:00:00,2023-12-25 02:00:00
"HLACY","PRECIP",2023-12-26 09:00:00,2023-12-26 12:00:00
"HLACY","PRECIP",2024-01-01 11:00:00,2024-01-06 17:00:00
"HLACY","PRECIP",2024-01-07 11:00:00,2024-01-07 17:00:00
"HLACY","PRECIP",2024-01-09 10:00:00,2024-01-10 17:00:00
"HLACY","PRECIP",2024-01-14 10:00:00,2024-01-20 16:00:00
"HLACY","PRECIP",2024-01-21 10:00:00,2024-01-21 14:00:00
"HLACY","PRECIP",2024-01-22 05:00:00,2024-01-22 17:00:00
"HLACY","PRECIP",2024-01-23 19:00:00,2024-01-24 18:00:00
"HLACY","PRECIP",2024-01-26 12:00:00,2024-01-26 16:00:00
"HLACY","PRECIP",2024-01-30 13:00:00,2024-01-30 16:00:00
"HLACY","PRECIP",2024-02-01 12:00:00,2024-02-01 18:00:00
"HLACY","PRECIP",2024-02-02 08:00:00,2024-02-02 16:00:00
"HLACY","PRECIP",2024-02-03 10:00:00,2024-02-03 13:00:00
"HLACY","PRECIP",2024-02-04 00:00:00,2024-02-05 00:00:00
"HLACY","PRECIP",2024-02-05 23:00:00,2024-02-06 01:00:00
"HLACY","PRECIP_RAINE",2024-02-07 08:00:00,2024-02-07 10:00:00
"HLACY","PRECIP",2024-02-07 14:00:00,2024-02-07 17:00:00
"HLACY","PRECIP",2024-02-10 11:00:00,2024-02-10 15:00:00
"HLACY","PRECIP",2024-02-11 12:00:00,2024-02-11 18:00:00
"HLACY","PRECIP",2024-02-12 10:00:00,2024-02-12 17:00:00
"HLACY","PRECIP",2024-02-16 10:00:00,2024-02-16 16:00:00
"HLACY","PRECIP",2024-02-18 12:00:00,2024-02-18 16:00:00
"HLACY","PRECIP",2024-02-19 10:00:00,2024-02-20 16:00:00
"HLACY","PRECIP_RAINE",2024-02-23 09:00:00,2024-02-23 11:00:00
"HLACY","PRECIP",2024-02-23 10:00:00,2024-02-23 15:00:00
"HLACY","PRECIP",2024-02-24 11:00:00,2024-02-24 18:00:00
"HLACY","PRECIP",2024-02-26 10:00:00,2024-02-26 16:00:00
"HLACY","PRECIP",2024-02-27 17:00:00,2024-02-27 19:00:00
"HLACY","PRECIP_RAINE",2024-02-29 19:00:00,2024-02-29 21:00:00
"HLACY","PRECIP",2024-03-17 12:00:00,2024-03-17 16:00:00
"HLACY","PRECIP",2024-03-18 12:00:00,2024-03-18 15:00:00
"HLACY","PRECIP",2024-03-30 04:00:00,2024-03-30 07:00:00
"HLACY","PRECIP",2024-04-02 07:00:00,2024-04-02 09:00:00
"HLACY","PRECIP",2024-04-03 04:00:00,2024-04-03 10:00:00
"HLACY","PRECIP",2024-04-11 14:00:00,2024-04-11 16:00:00
"HLACY","TDT6_VWC",2026-01-03 10:00:00,2026-01-03 10:30:00
"HLACY","CTS_MOD",2026-01-19 22:30:00,2026-01-20 14:30:00
"HLACY","PRECIP",2026-07-27 10:00:00,2026-07-27 17:30:00
"HOLLN","PRECIP_TIPPING2",2014-03-25 00:00:00,
"HOLLN","PA;CTS_MOD",2014-03-25 12:30:00,2014-03-25 12:30:00
"HOLLN","PA",2014-04-23 14:30:00,2014-04-23 14:30:00
"HOLLN","PA",2014-07-17 10:30:00,2014-07-17 10:30:00
"HOLLN","TDT1_TSOIL",2015-01-16 20:30:00,2015-03-04 15:00:00
"HOLLN","PA;TA;RH;Q",2015-01-29 05:00:00,2015-02-17 09:30:00
"HOLLN","TA",2015-09-01 14:00:00,2015-09-01 14:00:00
"HOLLN","PA",2016-04-05 13:00:00,2016-04-05 13:00:00
"HOLLN","G2;G2_CAL;G2_MV;G2_STD",2016-04-27 14:30:00,2016-04-27 22:30:00
"HOLLN","TDT2_VWC",2018-01-27 03:30:00,2018-01-27 03:30:00
"HOLLN","TDT2_VWC",2018-02-04 03:00:00,2018-02-04 03:00:00
"HOLLN","PA;TA",2018-12-19 11:30:00,2018-12-19 11:30:00
"HOLLN","LWIN;LWOUT;RN",2019-03-15 19:00:00,2019-05-23 10:00:00
"HOLLN","CTS_MOD2",2019-11-05 12:00:00,2021-05-20 08:30:00
"HOLLN","CTS_MOD",2019-12-03 12:00:00,2019-12-03 12:00:00
"HOLLN","SWOUT",2020-01-24 12:00:00,2020-01-24 12:00:00
"HOLLN","PRECIP",2020-08-06 13:30:00,2020-09-24 10:30:00
"HOLLN","CTS_MOD",2020-08-06 13:30:00,2020-08-06 13:30:00
"HOLLN","CTS_MOD",2021-05-20 10:30:00,2021-05-20 10:30:00
"HOLLN","G1",2021-05-20 10:30:00,2021-05-21 00:30:00
"HOLLN","CTS_MOD",2021-08-12 09:00:00,2021-08-12 09:00:00
"HOLLN","WS",2022-01-16 02:00:00,2022-01-16 02:00:00
"HOLLN","CTS_MOD",2022-02-16 00:30:00,2022-02-16 00:30:00
"HOLLN","CTS_MOD",2022-05-03 12:30:00,2022-05-03 14:30:00
"HOLLN","PA",2022-05-03 14:30:00,2022-05-03 14:30:00
"HOLLN","CTS_MOD",2022-06-27 13:00:00,2022-06-27 13:00:00
"HOLLN","G1",2023-03-10 11:30:00,2023-03-10 12:00:00
"HOLLN","PRECIP",2023-04-25 09:00:00,2023-04-25 10:30:00
"HOLLN","PRECIP_RAINE",2023-10-22 02:00:00,2023-10-23 12:00:00
"HOLLN","PRECIP_RAINE",2023-11-17 06:00:00,2023-11-17 16:00:00
"HOLLN","PRECIP_RAINE",2023-11-28 03:00:00,2023-11-28 10:00:00
"HOLLN","PRECIP",2023-11-29 00:00:00,2023-11-30 00:00:00
"HOLLN","PRECIP_RAINE",2023-11-29 12:00:00,2023-11-29 15:00:00
"HOLLN","PRECIP_RAINE",2023-11-30 00:00:00,2023-11-30 03:00:00
"HOLLN","PRECIP_RAINE",2023-12-01 10:00:00,2023-12-01 12:00:00
"HOLLN","PRECIP",2023-12-02 22:00:00,2023-12-03 07:00:00
"HOLLN","PRECIP_RAINE",2023-12-03 11:00:00,2023-12-03 16:00:00
"HOLLN","PRECIP_RAINE",2023-12-06 00:00:00,2023-12-07 00:00:00
"HOLLN","PRECIP_RAINE",2023-12-15 00:00:00,2023-12-17 00:00:00
"HOLLN","PRECIP_RAINE",2023-12-23 00:00:00,2023-12-25 00:00:00
"HOLLN","PRECIP_RAINE",2023-12-28 14:00:00,2023-12-28 17:00:00
"HOLLN","PRECIP_RAINE",2023-12-30 04:00:00,2023-12-30 06:00:00
"HOLLN","PRECIP_RAINE",2023-12-31 06:00:00,2023-12-31 12:00:00
"HOLLN","PRECIP_RAINE",2023-12-31 18:00:00,2024-01-01 00:00:00
"HOLLN","PRECIP_RAINE",2024-01-01 12:00:00,2024-01-01 15:00:00
"HOLLN","PRECIP_RAINE",2024-01-06 07:00:00,2024-01-06 11:00:00
"HOLLN","PRECIP_RAINE",2024-01-07 02:00:00,2024-01-07 11:00:00
"HOLLN","PRECIP_RAINE",2024-01-08 12:00:00,2024-01-09 12:00:00
"HOLLN","PRECIP_RAINE",2024-01-10 16:00:00,2024-01-10 21:00:00
"HOLLN","PRECIP_RAINE",2024-01-12 05:00:00,2024-01-12 12:00:00
"HOLLN","PRECIP_RAINE",2024-01-13 09:00:00,2024-01-13 13:00:00
"HOLLN","PRECIP_RAINE",2024-01-14 09:00:00,2024-01-14 14:00:00
"HOLLN","PRECIP_RAINE",2024-01-16 12:00:00,2024-01-16 14:00:00
"HOLLN","PRECIP_RAINE",2024-01-17 11:00:00,2024-01-17 13:00:00
"HOLLN","PRECIP_RAINE",2024-01-23 23:00:00,2024-01-24 01:00:00
"HOLLN","PRECIP_RAINE",2024-01-30 12:00:00,2024-01-30 15:00:00
"HOLLN","PRECIP_RAINE",2024-02-01 10:00:00,2024-02-01 15:00:00
"HOLLN","PRECIP_RAINE",2024-02-09 23:00:00,2024-02-10 10:00:00
"HOLLN","PRECIP_RAINE",2024-02-11 22:00:00,2024-02-12 14:00:00
"HOLLN","PRECIP_RAINE",2024-02-15 16:00:00,2024-02-15 18:00:00
"HOLLN","PRECIP_RAINE",2024-02-16 06:00:00,2024-02-16 09:00:00
"HOLLN","PRECIP_RAINE",2024-02-17 04:30:00,2024-02-17 13:00:00
"HOLLN","PRECIP_RAINE",2024-02-17 23:30:00,2024-02-18 03:00:00
"HOLLN","PRECIP_RAINE",2024-02-18 12:00:00,2024-02-18 14:00:00
"HOLLN","PRECIP_RAINE",2024-02-20 17:00:00,2024-02-20 20:00:00
"HOLLN","PRECIP_RAINE",2024-02-21 17:00:00,2024-02-21 20:00:00
"HOLLN","PRECIP_RAINE",2024-02-23 03:00:00,2024-02-24 12:00:00
"HOLLN","PRECIP_RAINE",2024-02-26 10:00:00,2024-02-27 06:00:00
"HOLLN","PRECIP_RAINE",2024-02-27 22:00:00,2024-02-28 11:00:00
"HOLLN","PRECIP_RAINE",2024-02-28 22:00:00,2024-02-29 00:00:00
"HOLLN","PRECIP_RAINE",2024-02-29 04:30:00,2024-02-29 13:00:00
"HOLLN","PRECIP_RAINE",2024-03-04 05:00:00,2024-03-04 10:00:00
"HOLLN","PRECIP_RAINE",2024-03-05 12:00:00,2024-03-05 15:00:00
"HOLLN","PRECIP_RAINE",2024-03-06 07:00:00,2024-03-06 12:00:00
"HOLLN","PRECIP_RAINE",2024-03-10 12:00:00,2024-03-11 00:00:00
"HOLLN","PRECIP_RAINE",2024-03-12 06:00:00,2024-03-12 10:00:00
"HOLLN","PRECIP_RAINE",2024-03-15 12:00:00,2024-03-15 21:00:00
"HOLLN","PRECIP_RAINE",2024-03-18 09:00:00,2024-03-18 11:00:00
"HOLLN","PRECIP_RAINE",2024-03-29 08:00:00,2024-03-29 15:00:00
"HOLLN","PRECIP_RAINE",2024-04-01 15:00:00,2024-04-02 14:00:00
"HOLLN","PRECIP_RAINE",2024-04-04 09:00:00,2024-04-04 15:00:00
"HOLLN","PRECIP_RAINE",2024-04-05 11:00:00,2024-04-05 17:00:00
"HOLLN","PRECIP_RAINE",2024-04-06 04:30:00,2024-04-06 10:00:00
"HOLLN","PRECIP_RAINE",2024-04-07 01:00:00,2024-04-07 18:00:00
"HOLLN","PRECIP_RAINE",2024-04-08 11:00:00,2024-04-08 19:00:00
"HOLLN","PRECIP_RAINE",2024-04-09 18:00:00,2024-04-09 22:00:00
"HOLLN","PRECIP_RAINE",2024-04-10 07:00:00,2024-04-10 11:00:00
"HOLLN","PRECIP_RAINE",2024-04-11 18:00:00,2024-04-11 22:00:00
"HOLLN","PRECIP_RAINE",2024-04-13 16:00:00,2024-04-13 18:00:00
"HOLLN","CTS_MOD",2024-04-25 07:00:00,2024-04-25 07:00:00
"HOLLN","CTS_MOD",2024-04-25 09:00:00,2024-04-25 09:00:00
"HOLLN","PRECIP",2025-07-10 00:30:00,2025-07-14 00:00:00
"HOLLN","PRECIP",2025-07-24 14:00:00,2025-07-25 01:30:00
"HOLLN","CTS_MOD",2026-01-19 22:30:00,2026-01-20 14:30:00
"HYBRY","CTS_MOD;RHO_A_MEAN;PA",2017-08-16 12:30:00,2017-08-16 12:30:00
"HYBRY","PRECIP",2018-06-22 00:30:00,2018-07-18 00:00:00
"HYBRY","PRECIP",2018-08-08 13:30:00,2019-08-01 09:30:00
"HYBRY","CTS_MOD",2018-08-08 13:30:00,2018-08-08 14:00:00
"HYBRY","CTS_MOD;PA",2018-09-03 08:30:00,2018-09-03 08:30:00
"HYBRY","PA",2018-10-10 12:00:00,2018-10-10 12:30:00
"HYBRY","CTS_MOD",2018-10-10 12:30:00,2018-10-10 12:30:00
"HYBRY","CTS_MOD",2018-10-22 22:00:00,2018-10-22 22:00:00
"HYBRY","PRECIP",2020-06-03 09:00:00,2020-06-12 00:00:00
"HYBRY","CTS_MOD",2022-02-28 09:30:00,2022-02-28 09:30:00
"HYBRY","PA",2022-06-08 09:30:00,2022-06-08 10:00:00
"HYBRY","PA",2022-07-31 07:00:00,2022-07-31 07:00:00
"HYBRY","PA",2022-07-31 22:00:00,2022-07-31 22:30:00
"HYBRY","PA",2022-08-02 10:00:00,2022-08-02 12:00:00
"HYBRY","PA",2022-08-02 16:30:00,2022-08-02 16:30:00
"HYBRY","TDT1_VWC;TDT2_VWC;TDT1_TSOIL;TDT2_TSOIL;TDT1_SOILEC;TDT2_SOILEC;TDT1_SOILPERM;TDT2_SOILPERM",2022-08-30 14:00:00,2023-08-29 23:30:00
"HYBRY","PA",2023-05-05 19:00:00,2023-06-01 10:30:00
"HYBRY","PA",2024-05-22 07:00:00,2024-05-22 07:00:00
"HYBRY","PA",2025-05-06 11:00:00,2025-05-06 11:00:00
"HYBRY","CTS_MOD",2026-01-19 22:30:00,2026-01-21 14:30:00
"LIZRD","PRECIP_TIPPING2",2014-10-17 00:00:00,2026-03-18 12:00:00
"LIZRD","CTS_MOD;PA",2014-10-17 12:00:00,2014-10-17 12:00:00
"LIZRD","PA",2015-07-29 11:30:00,2015-07-29 12:00:00
"LIZRD","SWOUT",2018-02-28 13:00:00,2018-02-28 14:30:00
"LIZRD","SWOUT",2018-03-19 07:00:00,2018-03-19 19:00:00
"LIZRD","CTS_MOD",2018-05-08 21:00:00,2018-05-09 10:00:00
"LIZRD","CTS_MOD2",2019-12-13 12:00:00,2021-04-28 07:30:00
"LIZRD","TA;PA;RH;SWIN;SWOUT;LWIN;LWOUT;G1;G2",2020-08-27 12:00:00,2020-08-27 12:30:00
"LIZRD","WD;WS",2020-08-27 12:00:00,2020-08-27 12:00:00
"LIZRD","CTS_MOD",2020-08-27 14:30:00,2020-08-27 14:30:00
"LIZRD","PRECIP_TIPPING",2021-04-20 09:30:00,2021-04-20 11:30:00
"LIZRD","CTS_MOD",2021-04-20 09:30:00,2021-04-20 09:30:00
"LIZRD","CTS_MOD",2021-04-28 09:00:00,2021-04-28 09:00:00
"LIZRD","PRECIP",2021-09-07 17:00:00,2021-09-25 00:00:00
"LIZRD","CTS_MOD",2022-02-21 10:30:00,2022-02-21 10:30:00
"LIZRD","PA",2022-05-10 09:00:00,2022-05-10 09:00:00
"LIZRD","PRECIP",2022-08-07 00:30:00,2022-08-15 00:00:00
"LIZRD","PA;TDT1_VWC;TDT2_VWC",2023-07-04 09:00:00,2023-07-04 11:00:00
"LIZRD","CTS_MOD",2024-06-25 19:30:00,2024-06-25 19:30:00
"LIZRD","CTS_MOD",2024-06-27 17:30:00,2024-06-27 17:30:00
"LIZRD","CTS_MOD",2024-06-29 05:30:00,2024-06-29 05:30:00
"LIZRD","CTS_MOD",2024-06-30 17:30:00,2024-06-30 17:30:00
"LIZRD","CTS_MOD",2024-07-02 05:30:00,2024-07-02 05:30:00
"LIZRD","CTS_MOD",2024-07-03 17:30:00,2024-07-03 17:30:00
"LIZRD","CTS_MOD",2024-07-05 05:30:00,2024-07-05 05:30:00
"LIZRD","CTS_MOD",2024-07-17 00:30:00,2024-07-17 00:30:00
"LIZRD","CTS_MOD",2024-07-18 12:30:00,2024-07-18 12:30:00
"LIZRD","CTS_MOD",2024-07-20 00:30:00,2024-07-20 00:30:00
"LIZRD","CTS_MOD",2024-07-21 12:30:00,2024-07-21 12:30:00
"LIZRD","CTS_MOD",2024-07-23 00:30:00,2024-07-23 00:30:00
"LIZRD","CTS_MOD",2024-07-26 00:30:00,2024-07-26 00:30:00
"LIZRD","CTS_MOD",2024-07-29 00:30:00,2024-07-29 00:30:00
"LIZRD","CTS_MOD",2024-07-30 12:30:00,2024-07-30 12:30:00
"LIZRD","CTS_MOD",2024-08-03 13:30:00,2024-08-03 13:30:00
"LIZRD","CTS_MOD",2024-08-05 01:30:00,2024-08-05 01:30:00
"LIZRD","CTS_MOD",2024-08-06 13:30:00,2024-08-06 13:30:00
"LIZRD","CTS_MOD",2024-08-08 01:30:00,2024-08-08 01:30:00
"LIZRD","CTS_MOD",2024-08-09 13:30:00,2024-08-09 13:30:00
"LIZRD","CTS_MOD",2024-08-11 01:30:00,2024-08-11 01:30:00
"LIZRD","PRECIP",2024-08-14 00:30:00,2025-01-24 12:00:00
"LIZRD","CTS_MOD",2026-01-19 22:30:00,2026-01-20 14:30:00
"LODTN","PRECIP_TIPPING2",2016-04-26 23:00:00,
"LODTN","PA",2016-05-11 09:00:00,2016-05-11 09:00:00
"LODTN","PA",2017-04-19 09:30:00,2017-04-19 09:30:00
"LODTN","TA",2017-04-19 10:00:00,2017-04-19 10:00:00
"LODTN","TDT3_VWC",2017-05-01 00:30:00,2023-02-01 00:00:00
"LODTN","PA",2017-11-29 11:00:00,2017-11-29 11:00:00
"LODTN","PA",2019-08-13 11:30:00,2019-08-13 11:30:00
"LODTN","PA",2019-10-02 08:30:00,2019-10-02 08:30:00
"LODTN","PRECIP",2020-04-06 00:30:00,2020-04-17 00:30:00
"LODTN","PRECIP",2020-04-19 00:30:00,2020-04-28 00:30:00
"LODTN","PRECIP",2020-05-04 00:30:00,2020-05-10 00:30:00
"LODTN","PRECIP",2020-05-11 00:30:00,2020-06-03 12:00:00
"LODTN","PA",2020-10-29 11:30:00,2020-10-29 11:30:00
"LODTN","G2",2020-12-25 16:30:00,2020-12-25 17:00:00
"LODTN","G2",2020-12-26 19:30:00,2020-12-26 21:00:00
"LODTN","G2",2020-12-30 18:00:00,2020-12-30 18:00:00
"LODTN","CTS_MOD",2021-03-13 06:30:00,2021-03-13 12:00:00
"LODTN","PA",2021-03-24 10:00:00,2021-03-24 10:00:00
"LODTN","PA",2021-03-24 11:30:00,2021-03-24 13:00:00
"LODTN","ALL",2021-04-16 08:30:00,2021-04-16 14:30:00
"LODTN","CTS_MOD",2021-04-16 14:00:00,2021-04-16 14:00:00
"LODTN","CTS_MOD",2021-05-02 05:30:00,2021-05-02 05:30:00
"LODTN","PRECIP",2021-09-03 15:30:00,2021-09-03 15:30:00
"LODTN","PRECIP",2021-09-04 14:00:00,2021-09-04 14:00:00
"LODTN","PRECIP",2021-09-04 15:00:00,2021-09-04 15:00:00
"LODTN","PRECIP",2021-09-08 16:30:00,2021-10-25 00:00:00
"LODTN","CTS_MOD",2021-12-06 00:30:00,2021-12-06 00:30:00
"LODTN","CTS_MOD",2022-02-25 09:30:00,2022-02-25 09:30:00
"LODTN","CTS_MOD",2022-04-28 10:30:00,2022-04-28 10:30:00
"LODTN","CTS_MOD",2022-04-28 12:00:00,2022-04-28 12:00:00
"LODTN","PA",2022-04-28 12:30:00,2022-04-28 12:30:00
"LODTN","TA",2022-05-09 15:00:00,2022-05-09 15:30:00
"LODTN","PRECIP_RAINE",2022-08-03 16:30:00,2022-08-03 16:30:00
"LODTN","PRECIP",2023-08-15 00:00:00,2023-08-18 00:00:00
"LODTN","CTS_MOD",2023-08-16 17:30:00,2023-08-16 17:30:00
"LODTN","CTS_MOD",2023-08-18 05:30:00,2023-08-18 05:30:00
"LODTN","PRECIP",2023-08-19 06:00:00,2023-08-29 00:00:00
"LODTN","CTS_MOD",2023-08-19 17:30:00,2023-08-19 17:30:00
"LODTN","PRECIP",2023-09-02 00:00:00,2023-09-10 00:00:00
"LODTN","PRECIP",2023-09-13 00:00:00,2023-09-18 00:00:00
"LODTN","PRECIP;PRECIP_RAINE",2023-10-04 00:00:00,2023-10-11 00:00:00
"LODTN","PRECIP",2023-10-27 15:00:00,2023-10-27 18:00:00
"LODTN","PRECIP",2023-10-29 09:00:00,2023-10-29 14:00:00
"LODTN","PRECIP",2023-10-30 09:00:00,2023-10-30 17:00:00
"LODTN","PRECIP",2023-11-24 00:00:00,2023-11-26 00:00:00
"LODTN","PRECIP_RAINE",2023-11-24 00:30:00,2023-11-24 07:00:00
"LODTN","PRECIP",2023-12-01 00:00:00,2023-12-02 00:00:00
"LODTN","PRECIP_RAINE",2023-12-01 10:00:00,2023-12-01 13:00:00
"LODTN","PRECIP",2023-12-03 00:00:00,2023-12-03 06:00:00
"LODTN","PRECIP",2023-12-06 00:00:00,2023-12-07 00:00:00
"LODTN","PRECIP_RAINE",2023-12-08 00:00:00,2023-12-08 12:00:00
"LODTN","PRECIP_RAINE",2023-12-09 17:00:00,2023-12-10 00:00:00
"LODTN","PRECIP_RAINE",2023-12-11 00:00:00,2023-12-11 03:00:00
"LODTN","PRECIP_RAINE",2023-12-13 00:00:00,2023-12-13 03:00:00
"LODTN","PRECIP_RAINE",2023-12-15 11:00:00,2023-12-15 15:00:00
"LODTN","PRECIP",2023-12-16 04:00:00,2023-12-16 06:00:00
"LODTN","PRECIP_RAINE",2023-12-17 11:00:00,2023-12-17 15:00:00
"LODTN","PRECIP_RAINE",2023-12-18 17:00:00,2023-12-18 20:00:00
"LODTN","PRECIP_RAINE",2023-12-20 00:00:00,2023-12-20 16:00:00
"LODTN","PRECIP_RAINE",2023-12-21 08:00:00,2023-12-21 10:30:00
"LODTN","PRECIP_RAINE",2023-12-21 12:30:00,2023-12-21 15:30:00
"LODTN","PRECIP_RAINE",2023-12-23 12:00:00,2023-12-23 20:00:00
"LODTN","PRECIP_RAINE",2023-12-24 11:00:00,2023-12-25 02:00:00
"LODTN","PRECIP_RAINE",2023-12-27 18:00:00,2023-12-28 02:00:00
"LODTN","PRECIP_RAINE",2023-12-28 20:00:00,2023-12-29 15:00:00
"LODTN","PRECIP_RAINE",2024-01-22 04:00:00,2024-01-22 16:00:00
"LODTN","PRECIP_RAINE",2024-01-23 18:00:00,2024-01-24 17:00:00
"LODTN","PRECIP_RAINE",2024-01-26 06:00:00,2024-01-26 10:00:00
"LODTN","PRECIP_RAINE",2024-01-27 11:00:00,2024-01-27 17:00:00
"LODTN","PRECIP_RAINE",2024-01-31 12:00:00,2024-01-31 15:00:00
"LODTN","PRECIP_RAINE",2024-02-02 13:00:00,2024-02-02 16:00:00
"LODTN","PRECIP_RAINE",2024-02-03 13:00:00,2024-02-03 16:00:00
"LODTN","PRECIP_RAINE",2024-02-04 13:00:00,2024-02-04 16:00:00
"LODTN","PRECIP_RAINE",2024-02-04 23:00:00,2024-02-05 01:00:00
"LODTN","PRECIP_RAINE",2024-02-05 10:00:00,2024-02-05 22:00:00
"LODTN","PRECIP_RAINE",2024-02-06 08:00:00,2024-02-06 11:00:00
"LODTN","PRECIP_RAINE",2024-02-07 13:00:00,2024-02-07 15:00:00
"LODTN","PRECIP_RAINE",2024-02-09 18:00:00,2024-02-09 20:00:00
"LODTN","PRECIP_RAINE",2024-02-10 19:00:00,2024-02-12 04:30:00
"LODTN","PRECIP_RAINE",2024-02-12 07:30:00,2024-02-12 17:00:00
"LODTN","PRECIP_RAINE",2024-02-15 11:00:00,2024-02-15 16:00:00
"LODTN","PRECIP_RAINE",2024-02-16 10:00:00,2024-02-16 18:00:00
"LODTN","PRECIP_RAINE",2024-02-18 12:00:00,2024-02-18 18:00:00
"LODTN","PRECIP_RAINE",2024-02-19 09:00:00,2024-02-20 17:00:00
"LODTN","PRECIP_RAINE",2024-02-23 00:00:00,2024-02-23 15:00:00
"LODTN","PRECIP_RAINE",2024-02-23 21:00:00,2024-02-26 00:00:00
"LODTN","PRECIP_RAINE",2024-02-26 10:00:00,2024-02-27 17:00:00
"LODTN","PRECIP_RAINE",2024-02-27 22:00:00,2024-02-28 11:00:00
"LODTN","PRECIP_RAINE",2024-02-29 15:00:00,2024-02-29 18:00:00
"LODTN","PRECIP_RAINE",2024-03-02 14:30:00,2024-03-09 00:00:00
"LODTN","PRECIP_RAINE",2024-03-09 10:00:00,2024-03-09 17:00:00
"LODTN","PRECIP_RAINE",2024-03-11 00:00:00,2024-03-11 08:00:00
"LODTN","PRECIP_RAINE",2024-03-14 10:00:00,2024-03-14 17:00:00
"LODTN","PRECIP_RAINE",2024-03-15 09:00:00,2024-03-15 15:00:00
"LODTN","PRECIP_RAINE",2024-03-16 09:00:00,2024-03-16 17:00:00
"LODTN","PRECIP_RAINE",2024-03-17 12:00:00,2024-03-17 18:00:00
"LODTN","PRECIP_RAINE",2024-03-18 09:00:00,2024-03-18 18:00:00
"LODTN","PRECIP_RAINE",2024-03-19 11:00:00,2024-03-19 18:00:00
"LODTN","PRECIP_RAINE",2024-03-20 09:00:00,2024-03-20 18:00:00
"LODTN","CTS_MOD",2024-03-21 05:30:00,2024-03-21 05:30:00
"LODTN","PRECIP_RAINE",2024-03-21 11:00:00,2024-03-21 23:00:00
"LODTN","PRECIP_RAINE",2024-03-22 09:00:00,2024-03-23 19:00:00
"LODTN","PRECIP_RAINE",2024-03-24 07:00:00,2024-03-24 16:00:00
"LODTN","PRECIP_RAINE",2024-03-25 14:00:00,2024-03-26 18:00:00
"LODTN","PRECIP_RAINE",2024-03-27 18:00:00,2024-03-27 21:00:00
"LODTN","PRECIP_RAINE",2024-03-28 08:00:00,2024-03-28 12:00:00
"LODTN","PRECIP_RAINE",2024-03-29 15:00:00,2024-03-29 18:00:00
"LODTN","PRECIP_RAINE",2024-03-30 04:00:00,2024-03-31 19:00:00
"LODTN","PRECIP_RAINE",2024-03-31 22:00:00,2024-04-01 06:00:00
"LODTN","PRECIP_RAINE",2024-04-01 11:00:00,2024-04-01 16:30:00
"LODTN","PRECIP_RAINE",2024-04-02 09:00:00,2024-04-02 17:00:00
"LODTN","PRECIP_RAINE",2024-04-03 13:00:00,2024-04-03 21:00:00
"LODTN","PRECIP_RAINE",2024-04-04 14:30:00,2024-04-04 21:00:00
"LODTN","PRECIP_RAINE",2024-04-05 09:00:00,2024-04-08 19:00:00
"LODTN","PRECIP_RAINE",2024-04-09 14:00:00,2024-04-09 21:00:00
"LODTN","PRECIP_RAINE",2024-04-10 08:00:00,2024-04-10 11:30:00
"LODTN","PRECIP_RAINE",2024-04-11 01:00:00,2024-04-13 20:00:00
"LODTN","CTS_MOD",2024-04-18 10:30:00,2024-04-18 10:30:00
"LODTN","CTS_MOD",2024-04-30 20:30:00,2024-04-30 20:30:00
"LODTN","CTS_MOD",2024-05-02 08:30:00,2024-05-02 08:30:00
"LODTN","CTS_MOD",2026-01-19 22:30:00,2026-01-20 14:30:00
"LULLN","PRECIP_TIPPING2",2014-12-16 00:00:00,
"LULLN","RH;Q;TA",2015-04-26 05:30:00,2015-05-17 04:30:00
"LULLN","PA",2015-08-02 15:30:00,2015-08-02 16:00:00
"LULLN","CTS_MOD",2015-08-05 18:30:00,2015-08-05 18:30:00
"LULLN","PA",2015-08-05 19:00:00,2015-08-05 19:00:00
"LULLN","G1",2015-08-30 09:30:00,2018-11-04 00:00:00
"LULLN","PA;TA;RH;Q",2015-09-14 08:30:00,2015-09-22 14:30:00
"LULLN","PA;CTS_MOD;TA;Q;RH",2016-02-10 00:30:00,2016-03-07 00:30:00
"LULLN","CTS_MOD",2016-03-07 13:00:00,2016-03-07 13:00:00
"LULLN","CTS_MOD",2016-05-10 11:00:00,2016-05-10 11:00:00
"LULLN","TA",2016-05-10 18:30:00,2016-05-10 18:30:00
"LULLN","TA",2016-05-11 09:30:00,2016-05-11 09:30:00
"LULLN","TA",2016-05-12 00:30:00,2016-05-12 00:30:00
"LULLN","TA;RH",2016-05-12 08:00:00,2016-05-12 08:00:00
"LULLN","TA;RH",2016-05-12 16:00:00,2016-05-12 16:00:00
"LULLN","TA;RH",2016-05-12 23:30:00,2016-05-12 23:30:00
"LULLN","TA;RH",2016-05-13 07:00:00,2016-05-13 07:00:00
"LULLN","TA;RH",2016-05-13 14:30:00,2016-05-13 14:30:00
"LULLN","CTS_MOD",2017-04-27 11:30:00,2017-04-27 12:30:00
"LULLN","CTS_MOD",2018-10-26 10:00:00,2018-10-26 10:00:00
"LULLN","CTS_MOD",2018-11-08 12:00:00,2018-11-08 12:00:00
"LULLN","CTS_MOD",2018-11-16 14:00:00,2018-11-16 14:00:00
"LULLN","PRECIP",2019-01-31 23:00:00,2019-03-07 00:00:00
"LULLN","LWIN",2019-11-22 09:00:00,2020-06-16 12:00:00
"LULLN","CTS_MOD2",2019-11-22 11:00:00,2021-05-20 08:30:00
"LULLN","PRECIP",2020-05-30 00:30:00,2020-06-03 20:30:00
"LULLN","CTS_MOD",2020-08-19 12:30:00,2020-08-19 12:30:00
"LULLN","TA;RH",2020-08-23 12:00:00,2020-08-23 12:30:00
"LULLN","TDT2_VWC",2022-09-23 00:00:00,2024-08-01 08:30:00
"LULLN","PA",2023-08-22 10:00:00,2023-08-22 10:30:00
"LULLN","PRECIP_RAINE",2023-08-22 11:00:00,2023-08-22 12:00:00
"LULLN","PRECIP_RAINE",2023-11-30 00:00:00,2023-12-01 00:00:00
"LULLN","PRECIP_RAINE",2023-12-02 12:00:00,2023-12-02 17:00:00
"LULLN","PRECIP_RAINE",2023-12-06 00:00:00,2023-12-06 12:00:00
"LULLN","PRECIP_RAINE",2023-12-08 01:00:00,2023-12-08 12:00:00
"LULLN","PRECIP_RAINE",2023-12-14 18:00:00,2023-12-15 02:00:00
"LULLN","PRECIP_RAINE",2023-12-21 12:00:00,2023-12-23 00:00:00
"LULLN","PRECIP_RAINE",2023-12-24 12:00:00,2023-12-24 17:00:00
"LULLN","PRECIP_RAINE",2023-12-27 15:00:00,2023-12-27 17:30:00
"LULLN","PRECIP_RAINE",2023-12-28 07:00:00,2023-12-28 10:00:00
"LULLN","PRECIP_RAINE",2023-12-29 00:00:00,2023-12-30 00:00:00
"LULLN","PRECIP_RAINE",2023-12-30 10:00:00,2023-12-30 12:00:00
"LULLN","PRECIP_RAINE",2023-12-31 17:00:00,2023-12-31 22:00:00
"LULLN","PRECIP_RAINE",2024-02-04 19:00:00,2024-02-04 22:00:00
"LULLN","PRECIP_RAINE",2024-02-06 04:00:00,2024-02-06 14:00:00
"LULLN","PRECIP_RAINE",2024-03-06 06:00:00,2024-03-09 12:00:00
"LULLN","PRECIP_RAINE",2024-03-18 00:00:00,2024-03-20 12:00:00
"LULLN","PRECIP_RAINE",2024-03-22 09:00:00,2024-03-22 12:00:00
"LULLN","PRECIP_RAINE",2024-03-22 21:00:00,2024-03-23 13:00:00
"LULLN","PRECIP_RAINE",2024-03-23 15:00:00,2024-03-24 16:00:00
"LULLN","PRECIP_RAINE",2024-03-26 23:00:00,2024-03-27 08:00:00
"LULLN","PRECIP_RAINE",2024-03-30 03:00:00,2024-03-31 23:30:00
"LULLN","PRECIP_RAINE",2024-04-01 03:00:00,2024-04-01 23:30:00
"LULLN","PRECIP_RAINE",2024-04-05 02:00:00,2024-04-05 04:00:00
"LULLN","PRECIP_RAINE",2024-04-08 20:00:00,2024-04-08 22:00:00
"LULLN","PRECIP_RAINE",2024-04-09 03:00:00,2024-04-09 16:00:00
"LULLN","PRECIP_RAINE",2024-04-10 21:00:00,2024-04-11 03:00:00
"LULLN","PRECIP_RAINE",2024-04-11 14:00:00,2024-04-14 11:00:00
"LULLN","PA",2024-08-13 08:00:00,2024-08-13 08:00:00
"LULLN","CTS_MOD",2026-01-19 22:30:00,2026-01-20 14:30:00
"MOORH","PRECIP_TIPPING2",2014-12-04 00:00:00,
"MOORH","PA;CTS_MOD",2014-12-04 11:30:00,2014-12-04 11:30:00
"MOORH","PA",2014-12-04 12:00:00,2014-12-04 12:00:00
"MOORH","PROFILE_VWC65",2015-01-16 23:30:00,2015-06-09 12:30:00
"MOORH","CTS_MOD",2015-02-03 08:00:00,2015-02-16 11:30:00
"MOORH","PROFILE_VWC40",2015-02-15 21:30:00,2015-06-09 12:30:00
"MOORH","SNOWD_DISTANCE_UNC;SNOWD_DISTANCE_COR",2015-04-08 11:00:00,2017-01-19 10:30:00
"MOORH","PA",2015-06-09 13:00:00,2015-06-09 13:00:00
"MOORH","PROFILE_VWC15;PROFILE_VWC40;PROFILE_VWC65;PROFILE_SOILEC15;PROFILE_SOILEC40;PROFILE_SOILEC65",2015-11-05 11:00:00,2021-06-01 00:00:00
"MOORH","PA",2016-01-11 10:00:00,2016-01-11 10:00:00
"MOORH","PA",2016-01-13 15:00:00,2016-01-13 15:00:00
"MOORH","CTS_MOD;PA",2016-01-13 16:00:00,2016-01-13 16:00:00
"MOORH","PRECIP",2016-02-13 13:30:00,2016-02-15 11:30:00
"MOORH","PRECIP",2017-02-05 23:00:00,2017-02-06 02:30:00
"MOORH","RH;Q",2017-07-05 00:00:00,2017-07-14 09:00:00
"MOORH","PA",2018-08-15 09:30:00,2018-08-15 09:30:00
"MOORH","RH",2018-08-15 10:00:00,2018-08-15 10:00:00
"MOORH","PRECIP",2019-02-11 00:30:00,2019-03-02 00:30:00
"MOORH","PRECIP",2019-03-17 00:30:00,2019-04-01 00:30:00
"MOORH","PRECIP",2019-06-25 00:30:00,2019-07-17 00:30:00
"MOORH","CTS_MOD",2019-07-31 14:30:00,2019-07-31 14:30:00
"MOORH","CTS_MOD2",2019-09-04 09:30:00,2021-05-13 09:00:00
"MOORH","CTS_SNOW",2019-09-04 14:00:00,2019-09-18 10:00:00
"MOORH","PRECIP",2020-04-12 00:30:00,2020-04-26 00:30:00
"MOORH","PRECIP",2020-09-18 00:00:00,2020-09-22 00:00:00
"MOORH","PRECIP",2020-09-26 00:00:00,2020-09-27 00:00:00
"MOORH","PRECIP",2020-09-27 00:00:00,2020-09-28 00:00:00
"MOORH","PRECIP",2022-04-22 00:30:00,2022-04-25 14:30:00
"MOORH","CTS_MOD",2022-06-16 10:00:00,2022-06-16 10:00:00
"MOORH","CTS_MOD",2022-11-15 15:00:00,2022-11-15 15:00:00
"MOORH","PA",2023-06-08 08:30:00,2023-06-08 08:30:00
"MOORH","PA",2025-05-13 09:30:00,2025-05-13 09:30:00
"MOORH","CTS_MOD",2026-01-19 22:30:00,2026-01-21 14:30:00
"MOORH","SNOWD_DISTANCE_COR;SNOWD_DISTANCE_UNC",2026-05-27 12:30:00,
"MOREM","PRECIP",2018-11-15 00:00:00,2019-05-21 00:30:00
"MOREM","PA",2018-11-16 11:30:00,2018-11-16 11:30:00
"MOREM","PA",2019-01-15 13:30:00,2019-01-15 13:30:00
"MOREM","CTS_MOD;PA",2019-05-20 10:00:00,2019-05-20 10:00:00
"MOREM","PA",2019-09-13 10:00:00,2019-09-13 10:00:00
"MOREM","PRECIP",2020-06-01 04:30:00,2020-06-02 07:30:00
"MOREM","PA",2020-07-22 10:30:00,2020-07-22 10:30:00
"MOREM","SWIN",2020-07-22 10:30:00,2020-07-22 11:30:00
"MOREM","PRECIP",2020-11-06 08:00:00,2020-11-06 08:30:00
"MOREM","CTS_MOD",2021-07-09 15:00:00,2021-07-09 15:00:00
"MOREM","CTS_MOD",2021-07-09 16:00:00,2021-07-09 16:00:00
"MOREM","TA;RH",2021-09-15 08:00:00,2021-09-15 10:30:00
"MOREM","G2",2022-04-29 09:00:00,2022-09-08 08:00:00
"MOREM","PRECIP",2022-06-25 10:30:00,2022-06-25 10:30:00
"MOREM","PRECIP",2022-07-11 17:00:00,2022-07-11 17:00:00
"MOREM","PA",2022-09-08 08:00:00,2022-09-08 08:00:00
"MOREM","PRECIP_RAINE",2022-11-26 00:00:00,2023-04-28 00:00:00
"MOREM","G1",2023-03-10 19:00:00,2023-04-26 14:00:00
"MOREM","PRECIP_RAINE",2023-08-15 20:00:00,2023-08-15 23:00:00
"MOREM","CTS_MOD",2023-08-17 06:00:00,2023-08-17 06:00:00
"MOREM","CTS_MOD",2023-08-17 06:30:00,2023-08-17 07:30:00
"MOREM","PA",2023-09-07 12:00:00,2023-09-07 12:00:00
"MOREM","CTS_MOD",2023-09-07 12:30:00,2023-09-07 14:30:00
"MOREM","CTS_MOD",2023-09-07 16:30:00,2023-09-07 16:30:00
"MOREM","CTS_MOD",2023-09-09 07:30:00,2023-09-09 07:30:00
"MOREM","CTS_MOD",2023-09-14 13:30:00,2023-09-14 13:30:00
"MOREM","CTS_MOD",2023-09-16 01:30:00,2023-09-16 01:30:00
"MOREM","PRECIP_RAINE",2023-11-19 11:00:00,2023-11-22 00:00:00
"MOREM","PRECIP_RAINE",2023-11-28 00:00:00,2023-11-30 00:00:00
"MOREM","PRECIP_RAINE",2023-12-06 00:00:00,2023-12-07 00:00:00
"MOREM","PRECIP_RAINE",2023-12-08 00:00:00,2023-12-08 12:00:00
"MOREM","PRECIP_RAINE",2023-12-15 00:00:00,2023-12-16 00:00:00
"MOREM","PRECIP_RAINE",2023-12-24 11:00:00,2023-12-24 13:00:00
"MOREM","PRECIP_RAINE",2024-01-05 12:00:00,2024-01-05 15:00:00
"MOREM","PRECIP_RAINE",2024-01-06 01:00:00,2024-01-06 23:00:00
"MOREM","PRECIP_RAINE",2024-01-07 11:00:00,2024-01-07 16:00:00
"MOREM","PRECIP_RAINE",2024-02-01 10:00:00,2024-02-01 12:00:00
"MOREM","PRECIP_RAINE",2024-02-04 03:00:00,2024-02-04 16:00:00
"MOREM","PRECIP_RAINE",2024-02-07 03:00:00,2024-02-07 16:00:00
"MOREM","PRECIP_RAINE",2024-02-10 10:00:00,2024-02-10 15:00:00
"MOREM","PRECIP_RAINE",2024-02-11 06:00:00,2024-02-11 17:00:00
"MOREM","PRECIP_RAINE",2024-02-12 05:00:00,2024-02-12 14:00:00
"MOREM","PRECIP_RAINE",2024-02-19 00:00:00,2024-02-27 17:00:00
"MOREM","PRECIP_RAINE",2024-02-28 00:00:00,2024-02-28 13:00:00
"MOREM","PRECIP_RAINE",2024-02-29 13:00:00,2024-02-29 18:00:00
"MOREM","PRECIP_RAINE",2024-03-01 10:00:00,2024-03-02 04:00:00
"MOREM","PRECIP_RAINE",2024-03-03 08:00:00,2024-03-07 00:00:00
"MOREM","PRECIP",2024-03-08 12:00:00,2024-03-08 15:00:00
"MOREM","PRECIP",2024-03-10 09:30:00,2024-03-10 10:30:00
"MOREM","PRECIP_RAINE",2024-03-14 15:00:00,2024-03-14 16:00:00
"MOREM","PRECIP_RAINE",2024-03-15 12:00:00,2024-03-16 12:00:00
"MOREM","PRECIP_RAINE",2024-03-17 11:00:00,2024-03-17 18:00:00
"MOREM","PRECIP_RAINE",2024-03-18 10:00:00,2024-03-18 15:00:00
"MOREM","PRECIP_RAINE",2024-03-19 12:00:00,2024-03-19 14:00:00
"MOREM","PRECIP_RAINE",2024-03-20 13:00:00,2024-03-20 22:00:00
"MOREM","PRECIP_RAINE",2024-03-21 11:00:00,2024-03-21 16:00:00
"MOREM","PRECIP_RAINE",2024-03-23 12:00:00,2024-03-24 03:00:00
"MOREM","PRECIP_RAINE",2024-03-24 07:00:00,2024-03-24 09:00:00
"MOREM","PRECIP_RAINE",2024-03-25 10:00:00,2024-03-25 17:00:00
"MOREM","PRECIP_RAINE",2024-03-27 07:00:00,2024-03-27 11:00:00
"MOREM","PRECIP_RAINE",2024-03-27 13:30:00,2024-03-27 20:00:00
"MOREM","PRECIP_RAINE",2024-03-28 06:00:00,2024-03-28 11:00:00
"MOREM","PRECIP_RAINE",2024-03-29 07:00:00,2024-03-29 09:00:00
"MOREM","PRECIP_RAINE",2024-03-30 05:00:00,2024-03-31 11:00:00
"MOREM","PRECIP_RAINE",2024-04-01 09:00:00,2024-04-01 14:00:00
"MOREM","PRECIP_RAINE",2024-04-02 07:00:00,2024-04-02 16:00:00
"MOREM","PRECIP_RAINE",2024-04-03 18:00:00,2024-04-03 22:00:00
"MOREM","PRECIP_RAINE",2024-04-18 07:30:00,2024-04-18 09:30:00
"MOREM","PRECIP_RAINE",2024-04-18 09:30:00,2024-04-20 07:30:00
"MOREM","PRECIP_RAINE",2024-04-18 17:30:00,2024-04-18 19:00:00
"MOREM","PRECIP_RAINE",2024-04-23 08:30:00,2024-04-23 15:30:00
"MOREM","PA",2024-08-27 10:30:00,2024-08-27 10:30:00
"MOREM","CTS_MOD",2024-09-08 15:30:00,2024-09-08 15:30:00
"MOREM","CTS_MOD",2024-09-15 19:00:00,2024-09-15 19:00:00
"MOREM","CTS_MOD",2024-09-16 20:00:00,2024-09-16 20:00:00
"MOREM","CTS_MOD",2024-09-16 21:30:00,2024-09-16 21:30:00
"MOREM","CTS_MOD",2024-09-17 08:00:00,2024-09-17 08:00:00
"MOREM","CTS_MOD",2024-09-17 12:00:00,2024-09-17 12:00:00
"MOREM","CTS_MOD",2024-11-13 05:30:00,2024-11-13 05:30:00
"MOREM","CTS_MOD",2024-11-14 17:30:00,2024-11-14 17:30:00
"MOREM","CTS_MOD",2024-11-16 05:30:00,2024-11-16 05:30:00
"MOREM","CTS_MOD",2024-11-17 17:30:00,2024-11-17 17:30:00
"MOREM","CTS_MOD",2024-11-19 05:30:00,2024-11-19 05:30:00
"MOREM","CTS_MOD",2024-11-20 17:30:00,2024-11-20 17:30:00
"MOREM","CTS_MOD",2024-11-21 14:30:00,2024-11-21 14:30:00
"MOREM","CTS_MOD",2024-12-09 00:30:00,2024-12-10 10:30:00
"MOREM","PA",2025-04-10 11:30:00,2025-04-10 11:30:00
"MOREM","PA",2025-04-10 12:00:00,2025-04-10 12:00:00
"MOREM","CTS_MOD",2026-01-19 22:30:00,2026-01-20 14:30:00
"MOREM","PRECIP",2026-07-27 11:00:00,2026-07-27 11:00:00
"MORLY","PRECIP_TIPPING2",2014-05-14 00:00:00,
"MORLY","PRECIP",2014-05-14 00:00:00,2014-07-04 17:30:00
"MORLY","PA",2014-09-09 11:30:00,2014-09-09 11:30:00
"MORLY","CTS_MOD;PA",2015-06-12 11:00:00,2015-06-12 11:00:00
"MORLY","PA",2015-06-12 11:30:00,2015-06-12 11:30:00
"MORLY","PRECIP",2016-05-14 06:00:00,2016-10-04 12:00:00
"MORLY","PA",2016-11-04 09:30:00,2016-11-04 09:30:00
"MORLY","CTS_MOD",2016-11-04 10:30:00,2016-11-04 10:30:00
"MORLY","PRECIP",2018-06-01 00:00:00,2018-07-19 16:00:00
"MORLY","PRECIP",2019-08-07 08:30:00,2019-08-25 00:00:00
"MORLY","CTS_MOD2",2019-09-24 11:00:00,2021-04-28 08:30:00
"MORLY","PRECIP",2020-06-23 23:00:00,2020-06-24 05:30:00
"MORLY","PRECIP",2020-07-01 03:30:00,2020-07-01 13:30:00
"MORLY","PRECIP",2020-07-22 00:30:00,2020-08-01 16:00:00
"MORLY","CTS_MOD",2021-04-28 09:00:00,2021-04-28 10:00:00
"MORLY","PRECIP",2021-05-30 00:30:00,2021-06-01 12:00:00
"MORLY","PRECIP",2021-06-05 10:00:00,2021-06-29 09:00:00
"MORLY","TDT1_VWC;TDT2_VWC",2022-05-18 12:00:00,2022-11-18 00:00:00
"MORLY","PA",2023-04-29 16:00:00,2023-04-29 16:00:00
"MORLY","PRECIP",2023-11-30 00:00:00,2023-12-01 00:00:00
"MORLY","CTS_MOD",2024-05-09 09:30:00,2024-05-09 09:30:00
"MORLY","PA;PRECIP",2024-05-09 10:00:00,2024-05-09 10:00:00
"MORLY","CTS_MOD",2026-01-19 22:30:00,2026-01-20 14:30:00
"NWYKE","PRECIP_TIPPING2",2014-10-16 00:00:00,
"NWYKE","PA;CTS_MOD",2014-10-16 09:00:00,2014-10-16 09:30:00
"NWYKE","PA",2014-11-17 11:30:00,2014-11-17 11:30:00
"NWYKE","RH;Q",2014-12-30 17:30:00,2014-12-30 21:00:00
"NWYKE","TA;RH",2015-03-18 14:00:00,2015-03-18 14:00:00
"NWYKE","CTS_MOD",2015-09-30 18:30:00,2015-09-30 18:30:00
"NWYKE","CTS_MOD",2015-09-30 21:00:00,2015-09-30 21:00:00
"NWYKE","PRECIP",2015-10-27 11:00:00,2016-01-20 12:00:00
"NWYKE","PROFILE_VWC40;PROFILE_VWC65;PROFILE_SOILEC15;PROFILE_SOILEC40;PROFILE_SOILEC65",2015-10-30 10:00:00,2015-11-04 12:00:00
"NWYKE","PROFILE_VWC15;PROFILE_VWC40;PROFILE_VWC65;PROFILE_SOILEC15;PROFILE_SOILEC40;PROFILE_SOILEC65",2015-11-04 12:00:00,2017-12-01 00:00:00
"NWYKE","PRECIP",2016-06-20 14:00:00,2016-09-16 10:00:00
"NWYKE","CTS_MOD",2017-02-08 12:30:00,2017-02-08 12:30:00
"NWYKE","PRECIP",2018-07-03 00:00:00,2018-10-31 00:00:00
"NWYKE","PRECIP",2019-10-15 00:30:00,2019-11-20 14:00:00
"NWYKE","CTS_MOD2",2019-12-12 11:30:00,2021-04-21 08:30:00
"NWYKE","PRECIP",2020-08-01 16:30:00,2020-08-01 17:30:00
"NWYKE","PRECIP",2020-08-02 13:00:00,2020-08-02 15:00:00
"NWYKE","PRECIP",2020-08-03 13:00:00,2020-08-03 15:30:00
"NWYKE","SWIN;SWOUT;LWIN;LWOUT",2020-08-28 11:30:00,2020-08-28 14:30:00
"NWYKE","TA;PA;RH",2020-08-28 14:00:00,2020-08-28 14:00:00
"NWYKE","CTS_MOD",2021-04-21 10:00:00,2021-04-21 10:00:00
"NWYKE","PA",2023-05-11 10:00:00,2023-05-11 10:00:00
"NWYKE","CTS_MOD",2026-01-19 22:30:00,2026-01-20 14:30:00
"PLYNL","PA;CTS_MOD",2014-11-05 12:30:00,2014-11-05 12:30:00
"PLYNL","PRECIP_TIPPING2",2015-05-06 10:30:00,2015-11-17 16:00:00
"PLYNL","PA",2015-12-23 10:30:00,2015-12-23 10:30:00
"PLYNL","SWOUT",2015-12-23 11:30:00,2015-12-23 12:00:00
"PLYNL","CTS_MOD;PA",2015-12-23 12:30:00,2015-12-23 12:30:00
"PLYNL","PA",2016-01-27 11:00:00,2016-01-27 11:00:00
"PLYNL","PA",2016-11-27 08:30:00,2016-11-27 08:30:00
"PLYNL","CTS_MOD;PA",2016-12-13 10:30:00,2016-12-13 10:30:00
"PLYNL","CTS_MOD",2017-02-16 12:30:00,2017-02-16 12:30:00
"PLYNL","PA;TA",2019-03-08 14:30:00,2019-03-08 14:30:00
"PLYNL","CTS_MOD",2019-09-19 09:00:00,2019-09-19 09:00:00
"PLYNL","CTS_MOD2",2019-09-19 11:00:00,2021-08-11 09:00:00
"PLYNL","CTS_MOD",2019-09-19 13:30:00,2019-09-19 13:30:00
"PLYNL","LWIN;LWOUT;SWIN;SWOUT;RH",2020-10-22 12:00:00,2020-10-22 12:00:00
"PLYNL","TA",2022-01-14 10:00:00,2022-01-14 10:00:00
"PLYNL","CTS_MOD;TDT1_VWC;TDT1_TSOIL;TDT1_SOILEC;TDT2_VWC;TDT2_TSOIL;TDT2_SOILEC",2022-02-25 05:30:00,2022-02-28 14:30:00
"PLYNL","WS",2022-07-06 08:00:00,2022-07-06 08:00:00
"PLYNL","CTS_MOD",2022-08-03 10:30:00,2022-08-03 10:30:00
"PLYNL","CTS_MOD",2022-08-18 08:30:00,2022-08-18 08:30:00
"PLYNL","CTS_MOD",2023-08-16 10:30:00,2023-08-16 10:30:00
"PLYNL","CTS_MOD",2024-04-03 09:30:00,2024-04-03 09:30:00
"PLYNL","PA",2024-07-24 09:00:00,2024-07-24 09:00:00
"PLYNL","STP_TSOIL2;STP_TSOIL5;STP_TSOIL10;STP_TSOIL20;STP_TSOIL50",2025-09-22 04:30:00,
"PLYNL","CTS_MOD",2026-01-19 22:30:00,2026-01-20 14:30:00
"PORTN","PRECIP_TIPPING2",2014-12-18 00:00:00,
"PORTN","PA;CTS_MOD",2014-12-18 10:30:00,2014-12-18 10:30:00
"PORTN","PA",2015-09-10 14:00:00,2015-09-10 14:00:00
"PORTN","G1",2016-07-16 23:30:00,2017-04-27 08:30:00
"PORTN","PA",2016-08-04 09:30:00,2016-08-04 09:30:00
"PORTN","CTS_MOD",2017-04-27 08:00:00,2017-04-27 09:00:00
"PORTN","CTS_MOD",2017-06-29 10:30:00,2017-06-29 10:30:00
"PORTN","CTS_MOD",2017-07-12 13:30:00,2017-07-12 14:00:00
"PORTN","CTS_MOD",2017-08-08 10:30:00,2017-08-08 11:00:00
"PORTN","G2",2018-02-26 00:00:00,2018-03-06 00:00:00
"PORTN","G2",2018-03-17 00:00:00,2018-03-21 00:00:00
"PORTN","STP_TSOIL2;STP_TSOIL5;STP_TSOIL10;STP_TSOIL20;STP_TSOIL50",2019-05-12 00:30:00,2021-07-06 14:00:00
"PORTN","PRECIP",2020-04-21 00:30:00,2020-04-27 22:00:00
"PORTN","CTS_MOD",2021-07-06 11:00:00,2021-07-06 11:00:00
"PORTN","G1",2021-07-24 03:00:00,2021-07-24 06:00:00
"PORTN","CTS_MOD",2021-08-25 16:00:00,2021-08-25 23:00:00
"PORTN","WS",2022-01-13 07:30:00,2022-01-13 07:30:00
"PORTN","CTS_MOD",2022-07-25 21:00:00,2022-07-26 05:00:00
"PORTN","PA",2022-11-08 13:00:00,2022-11-08 13:00:00
"PORTN","G1",2023-06-20 05:00:00,2023-06-20 05:00:00
"PORTN","PRECIP",2023-08-19 12:00:00,2023-08-26 00:00:00
"PORTN","PRECIP",2023-09-02 00:00:00,2023-09-10 00:00:00
"PORTN","PRECIP",2024-01-17 12:00:00,2024-01-17 14:00:00
"PORTN","CTS_MOD",2024-01-17 12:00:00,2024-01-17 12:00:00
"PORTN","SWOUT",2024-07-11 07:30:00,2025-02-26 12:00:00
"PORTN","LWOUT",2024-08-17 13:00:00,2025-02-05 12:00:00
"PORTN","LWOUT",2025-02-20 08:30:00,2025-02-22 19:00:00
"PORTN","LWOUT",2025-02-25 23:30:00,2025-02-26 05:00:00
"PORTN","CTS_MOD",2026-01-19 22:30:00,2026-01-20 14:30:00
"RDMER","PRECIP_TIPPING2",2015-02-11 00:00:00,
"RDMER","G1;G2",2015-07-16 23:30:00,2015-07-17 03:30:00
"RDMER","CTS_MOD",2016-06-14 17:00:00,2016-06-14 17:00:00
"RDMER","PRECIP",2016-09-25 00:30:00,2016-10-04 14:00:00
"RDMER","PA;TA",2016-11-03 13:30:00,2016-11-03 13:30:00
"RDMER","PRECIP",2017-04-05 10:30:00,2017-04-05 11:00:00
"RDMER","PRECIP",2017-05-30 04:30:00,2017-05-31 00:00:00
"RDMER","PRECIP",2017-07-10 00:00:00,2017-10-21 00:00:00
"RDMER","CTS_MOD",2017-08-03 10:30:00,2017-08-03 12:00:00
"RDMER","PRECIP",2018-05-27 00:30:00,2018-06-28 23:00:00
"RDMER","PRECIP",2018-06-18 12:30:00,2018-06-18 13:00:00
"RDMER","CTS_MOD",2026-01-19 22:30:00,2026-01-20 14:30:00
"REDHL","PRECIP_TIPPING2",2016-02-18 00:00:00,2026-01-30 12:00:00
"REDHL","CTS_MOD",2016-06-10 08:00:00,2016-06-10 08:00:00
"REDHL","TDT2_TSOIL",2017-03-07 17:30:00,2017-03-07 17:30:00
"REDHL","SWOUT",2018-02-27 00:00:00,2018-03-04 00:00:00
"REDHL","CTS_MOD",2018-10-24 10:00:00,2018-10-24 11:30:00
"REDHL","CTS_MOD",2018-10-24 13:30:00,2018-10-24 13:30:00
"REDHL","CTS_MOD",2018-10-26 15:30:00,2018-10-26 15:30:00
"REDHL","PRECIP",2019-06-29 00:30:00,2019-10-04 08:20:00
"REDHL","CTS_MOD2",2019-10-04 08:00:00,2021-07-20 07:00:00
"REDHL","RH;Q;TA;PA",2020-01-30 11:00:00,2020-01-30 11:00:00
"REDHL","SWOUT",2021-02-09 00:00:00,2021-02-15 00:00:00
"REDHL","PRECIP",2021-10-07 01:00:00,2021-10-15 00:00:00
"REDHL","CTS_MOD;TDT1_VWC;TDT1_TSOIL;TDT1_SOILEC;TDT2_VWC;TDT2_TSOIL;TDT2_SOILEC",2022-03-03 02:30:00,2022-03-03 11:00:00
"REDHL","CTS_MOD",2023-08-23 10:00:00,2023-08-23 14:00:00
"REDHL","PA",2023-08-23 11:00:00,2023-08-23 12:00:00
"REDHL","PRECIP",2023-09-03 12:00:00,2023-09-04 12:00:00
"REDHL","PRECIP",2023-09-05 12:00:00,2023-09-12 00:00:00
"REDHL","PRECIP",2023-10-22 19:00:00,2023-10-23 01:00:00
"REDHL","PRECIP",2023-10-25 19:00:00,2023-10-26 01:00:00
"REDHL","PRECIP",2023-10-26 10:00:00,2023-10-26 16:00:00
"REDHL","PRECIP_RAINE",2023-10-30 21:00:00,2023-10-31 04:00:00
"REDHL","PRECIP_RAINE",2023-11-06 00:00:00,2023-11-07 12:00:00
"REDHL","PRECIP_RAINE",2023-11-11 02:00:00,2023-11-12 03:00:00
"REDHL","PRECIP_RAINE",2023-11-14 19:00:00,2023-11-15 12:00:00
"REDHL","PRECIP_RAINE",2023-12-02 00:00:00,2023-12-03 09:00:00
"REDHL","PRECIP_RAINE",2023-12-04 16:00:00,2023-12-05 00:00:00
"REDHL","PRECIP_RAINE",2023-12-05 18:00:00,2023-12-07 00:00:00
"REDHL","PRECIP_RAINE",2023-12-08 00:00:00,2023-12-08 12:00:00
"REDHL","PRECIP_RAINE",2023-12-14 18:00:00,2023-12-15 02:00:00
"REDHL","PRECIP_RAINE",2023-12-17 11:00:00,2023-12-17 13:00:00
"REDHL","PRECIP_RAINE",2023-12-20 05:00:00,2023-12-20 11:00:00
"REDHL","PRECIP_RAINE",2023-12-22 00:00:00,2023-12-22 11:00:00
"REDHL","PRECIP_RAINE",2023-12-25 03:00:00,2023-12-25 05:00:00
"REDHL","PRECIP_RAINE",2024-01-06 12:00:00,2024-01-08 00:00:00
"REDHL","PRECIP_RAINE",2024-01-09 09:00:00,2024-01-09 13:00:00
"REDHL","PRECIP_RAINE",2024-01-19 09:00:00,2024-01-19 12:00:00
"REDHL","PRECIP_RAINE",2024-01-20 09:00:00,2024-01-20 12:00:00
"REDHL","PRECIP_RAINE",2024-01-21 17:00:00,2024-01-21 20:00:00
"REDHL","PRECIP_RAINE",2024-01-22 15:00:00,2024-01-22 17:00:00
"REDHL","PRECIP_RAINE",2024-01-24 02:00:00,2024-01-24 04:00:00
"REDHL","PRECIP_RAINE",2024-01-27 09:00:00,2024-01-27 12:00:00
"REDHL","PRECIP_RAINE",2024-01-28 08:00:00,2024-01-28 10:00:00
"REDHL","PRECIP_RAINE",2024-01-29 11:00:00,2024-01-29 13:00:00
"REDHL","PRECIP_RAINE",2024-02-01 00:00:00,2024-02-01 04:00:00
"REDHL","PRECIP_RAINE",2024-02-12 03:00:00,2024-02-12 12:00:00
"REDHL","PRECIP_RAINE",2024-02-14 14:30:00,2024-02-14 16:00:00
"REDHL","PRECIP_RAINE",2024-02-23 16:00:00,2024-02-24 11:00:00
"REDHL","PRECIP_RAINE",2024-02-24 22:00:00,2024-02-25 02:00:00
"REDHL","PRECIP_RAINE",2024-02-28 08:00:00,2024-02-28 14:00:00
"REDHL","PRECIP_RAINE",2024-03-01 00:00:00,2024-03-01 03:00:00
"REDHL","PRECIP_RAINE",2024-03-02 14:30:00,2024-03-05 00:00:00
"REDHL","PRECIP_RAINE",2024-03-06 00:00:00,2024-03-08 00:00:00
"REDHL","PRECIP_RAINE",2024-03-10 01:00:00,2024-03-10 08:00:00
"REDHL","PRECIP_RAINE",2024-03-11 06:00:00,2024-03-11 12:00:00
"REDHL","PRECIP_RAINE",2024-03-15 02:00:00,2024-03-15 05:00:00
"REDHL","PRECIP_RAINE",2024-03-20 07:00:00,2024-03-20 09:00:00
"REDHL","PRECIP_RAINE",2024-04-02 04:00:00,2024-04-02 09:00:00
"REDHL","PRECIP_RAINE",2024-04-04 12:00:00,2024-04-04 16:00:00
"REDHL","PRECIP",2024-04-05 20:00:00,2024-04-05 22:00:00
"REDHL","PRECIP_RAINE",2024-04-10 15:00:00,2024-04-11 03:00:00
"REDHL","PRECIP_RAINE",2024-04-15 06:00:00,2024-04-15 08:00:00
"REDHL","PA",2024-05-10 12:30:00,2024-05-10 12:30:00
"REDHL","PA",2024-05-18 17:30:00,2024-05-18 18:30:00
"REDHL","PA",2024-05-28 19:00:00,2024-05-28 19:00:00
"REDHL","PA",2024-05-29 03:00:00,2024-05-29 03:00:00
"REDHL","PA",2024-05-29 10:00:00,2024-05-29 10:00:00
"REDHL","PA",2024-05-29 12:30:00,2024-05-29 12:30:00
"REDHL","PA",2024-05-29 14:00:00,2024-05-29 14:00:00
"REDHL","PA",2024-05-29 15:30:00,2024-05-29 15:30:00
"REDHL","PA",2024-05-29 19:30:00,2024-05-30 00:00:00
"REDHL","PA",2024-05-30 02:00:00,2024-05-30 02:00:00
"REDHL","PA",2024-05-30 08:00:00,2024-05-30 08:00:00
"REDHL","PA",2024-05-30 11:30:00,2024-05-30 16:30:00
"REDHL","PA",2024-05-30 18:30:00,2024-05-30 18:30:00
"REDHL","PA",2024-05-30 20:00:00,2024-05-30 20:00:00
"REDHL","PA",2024-05-31 18:30:00,2024-05-31 18:30:00
"REDHL","PA",2024-05-31 23:00:00,2024-05-31 23:00:00
"REDHL","PA",2024-06-01 00:00:00,2024-06-01 00:30:00
"REDHL","PA",2024-06-01 02:30:00,2024-06-01 02:30:00
"REDHL","PA",2024-06-01 07:30:00,2024-06-01 07:30:00
"REDHL","PA",2024-06-01 10:00:00,2024-06-02 00:00:00
"REDHL","PA",2024-06-02 07:30:00,2024-06-02 07:30:00
"REDHL","PA",2024-06-02 21:00:00,2024-06-02 21:00:00
"REDHL","PA",2024-06-03 02:30:00,2024-06-03 02:30:00
"REDHL","PA",2024-06-03 11:00:00,2024-06-03 14:30:00
"REDHL","PA",2024-06-04 02:30:00,2024-06-04 02:30:00
"REDHL","PA",2024-06-04 22:30:00,2024-06-04 22:30:00
"REDHL","PA",2024-06-06 04:30:00,2024-06-06 04:30:00
"REDHL","PA",2024-06-06 21:30:00,2024-06-06 21:30:00
"REDHL","PA",2024-06-07 08:00:00,2024-06-07 08:00:00
"REDHL","PA",2024-06-08 08:00:00,2024-06-08 08:00:00
"REDHL","PA",2024-06-08 19:30:00,2024-06-08 21:00:00
"REDHL","PA",2024-06-08 23:00:00,2024-06-08 23:00:00
"REDHL","PA",2024-06-09 13:30:00,2024-06-09 16:30:00
"REDHL","PA",2024-06-10 05:00:00,2024-06-10 05:00:00
"REDHL","PA",2024-06-10 12:00:00,2024-06-10 12:00:00
"REDHL","PA",2024-06-10 13:30:00,2024-06-10 13:30:00
"REDHL","PA",2024-06-10 14:30:00,2024-06-10 14:30:00
"REDHL","PA",2024-06-10 15:30:00,2024-06-10 15:30:00
"REDHL","PA",2024-06-10 23:00:00,2024-06-10 23:00:00
"REDHL","PA",2024-06-11 05:30:00,2024-06-12 07:30:00
"REDHL","PA",2024-06-13 01:00:00,2024-06-13 01:00:00
"REDHL","PA",2024-06-13 03:30:00,2024-06-13 03:30:00
"REDHL","PA",2024-06-13 07:30:00,2024-06-13 07:30:00
"REDHL","PA",2024-06-13 08:30:00,2024-06-13 08:30:00
"REDHL","PA",2024-06-13 17:30:00,2024-06-13 18:00:00
"REDHL","PA",2024-06-13 19:30:00,2024-06-13 20:00:00
"REDHL","PA",2024-06-14 03:30:00,2024-06-14 03:30:00
"REDHL","PA",2024-06-15 00:00:00,2024-06-15 00:00:00
"REDHL","PA",2024-06-15 00:30:00,2024-06-15 00:30:00
"REDHL","PA",2024-06-15 07:30:00,2024-06-15 07:30:00
"REDHL","PA",2024-06-16 03:00:00,2024-06-16 03:00:00
"REDHL","PA",2024-06-16 03:30:00,2024-06-16 03:30:00
"REDHL","PA",2024-06-16 05:00:00,2024-06-16 05:00:00
"REDHL","PA",2024-06-16 13:30:00,2024-06-16 13:30:00
"REDHL","PA",2024-06-16 16:30:00,2024-06-16 16:30:00
"REDHL","PA",2024-06-16 20:00:00,2024-06-16 20:00:00
"REDHL","PA",2024-06-17 20:00:00,2024-06-17 20:00:00
"REDHL","PA",2024-06-19 01:30:00,2024-06-19 01:30:00
"REDHL","PA",2024-06-19 21:30:00,2024-06-19 21:30:00
"REDHL","PA",2024-06-20 11:00:00,2024-06-20 11:00:00
"REDHL","PA",2024-08-14 09:30:00,2024-08-14 09:30:00
"REDHL","CTS_MOD",2026-01-19 22:30:00,2026-01-21 14:30:00
"RISEH","PRECIP_TIPPING2",2016-05-04 00:00:00,
"RISEH","PA",2016-05-04 16:00:00,2016-05-04 16:30:00
"RISEH","SWOUT",2018-02-27 10:00:00,2018-03-02 17:00:00
"RISEH","SWOUT",2018-03-18 12:00:00,2018-03-19 17:00:00
"RISEH","PA",2018-08-17 09:30:00,2018-08-17 09:30:00
"RISEH","G2",2019-03-01 00:00:00,2019-08-08 00:00:00
"RISEH","PA;TA",2019-05-02 14:30:00,2019-05-02 14:30:00
"RISEH","CTS_MOD;TA",2019-05-02 15:00:00,2019-05-02 16:00:00
"RISEH","CTS_MOD;PA",2019-05-02 16:30:00,2019-05-02 16:30:00
"RISEH","CTS_MOD",2019-06-26 10:30:00,2019-06-26 10:30:00
"RISEH","PA",2019-07-29 09:00:00,2019-07-29 09:00:00
"RISEH","PA",2019-10-10 10:30:00,2019-10-10 11:30:00
"RISEH","PA",2019-10-17 16:00:00,2019-10-17 16:00:00
"RISEH","PA",2019-11-14 12:30:00,2019-11-14 12:30:00
"RISEH","PRECIP",2020-05-19 00:30:00,2020-06-02 12:00:00
"RISEH","PA",2020-07-10 08:30:00,2020-07-10 08:30:00
"RISEH","PA",2020-07-17 09:00:00,2020-07-17 09:00:00
"RISEH","PA",2020-11-04 13:00:00,2020-11-04 13:30:00
"RISEH","PA",2020-12-08 10:30:00,2020-12-08 10:30:00
"RISEH","SWOUT",2021-02-08 09:00:00,2021-02-13 16:00:00
"RISEH","ALL",2021-04-14 09:00:00,2021-04-14 12:00:00
"RISEH","PRECIP",2021-09-01 16:00:00,2021-09-01 17:00:00
"RISEH","PRECIP",2021-09-05 14:30:00,2021-09-05 15:00:00
"RISEH","PRECIP",2021-09-06 14:00:00,2021-09-06 14:30:00
"RISEH","PRECIP",2021-09-06 15:30:00,2021-09-06 16:00:00
"RISEH","PRECIP",2021-09-09 16:30:00,2021-09-12 22:00:00
"RISEH","PA",2022-07-12 10:00:00,2022-07-12 10:00:00
"RISEH","SWOUT",2022-08-19 18:00:00,2022-08-19 18:00:00
"RISEH","SWOUT",2022-08-19 18:30:00,2022-08-19 18:30:00
"RISEH","SWOUT",2022-08-19 19:00:00,2022-08-19 19:00:00
"RISEH","SWOUT",2022-08-20 16:30:00,2022-08-20 16:30:00
"RISEH","SWOUT",2022-08-20 17:00:00,2022-08-20 17:00:00
"RISEH","SWOUT",2022-08-20 17:30:00,2022-08-20 17:30:00
"RISEH","SWOUT",2022-08-20 18:30:00,2022-08-20 18:30:00
"RISEH","SWOUT",2022-08-21 17:00:00,2022-08-21 17:00:00
"RISEH","SWOUT",2022-08-21 17:30:00,2022-08-21 17:30:00
"RISEH","SWOUT",2022-08-21 18:00:00,2022-08-21 18:00:00
"RISEH","SWOUT",2022-08-21 18:30:00,2022-08-21 18:30:00
"RISEH","SWOUT",2022-08-21 19:00:00,2022-08-21 19:00:00
"RISEH","SWOUT",2022-08-23 17:30:00,2022-08-23 17:30:00
"RISEH","SWOUT",2022-08-25 17:00:00,2022-08-25 17:00:00
"RISEH","SWOUT",2022-08-25 17:30:00,2022-08-25 17:30:00
"RISEH","SWOUT",2022-08-25 18:00:00,2022-08-25 18:00:00
"RISEH","SWOUT",2022-08-25 18:30:00,2022-08-25 18:30:00
"RISEH","SWOUT",2022-08-25 19:00:00,2022-08-25 19:00:00
"RISEH","SWOUT",2022-08-27 16:00:00,2022-08-27 16:00:00
"RISEH","SWOUT",2022-08-27 16:30:00,2022-08-27 16:30:00
"RISEH","SWOUT",2022-08-27 17:00:00,2022-08-27 17:00:00
"RISEH","SWOUT",2022-08-27 17:30:00,2022-08-27 17:30:00
"RISEH","SWOUT",2022-08-27 18:00:00,2022-08-27 18:00:00
"RISEH","SWOUT",2022-08-27 18:30:00,2022-08-27 18:30:00
"RISEH","SWOUT",2022-08-27 19:00:00,2022-08-27 19:00:00
"RISEH","SWOUT",2022-08-30 16:30:00,2022-08-30 16:30:00
"RISEH","SWOUT",2022-08-30 17:00:00,2022-08-30 17:00:00
"RISEH","SWOUT",2022-08-30 17:30:00,2022-08-30 17:30:00
"RISEH","SWOUT",2022-08-30 18:00:00,2022-08-30 18:00:00
"RISEH","SWOUT",2022-08-30 18:30:00,2022-08-30 18:30:00
"RISEH","SWOUT",2022-08-30 19:00:00,2022-08-30 19:00:00
"RISEH","SWOUT",2022-08-31 17:30:00,2022-08-31 17:30:00
"RISEH","SWOUT",2022-08-31 18:00:00,2022-08-31 18:00:00
"RISEH","SWOUT",2022-08-31 18:30:00,2022-08-31 18:30:00
"RISEH","SWOUT",2022-08-31 19:00:00,2022-08-31 19:00:00
"RISEH","SWOUT",2022-09-01 15:30:00,2022-09-01 15:30:00
"RISEH","SWOUT",2022-09-01 16:00:00,2022-09-01 16:00:00
"RISEH","SWOUT",2022-09-01 16:30:00,2022-09-01 16:30:00
"RISEH","SWOUT",2022-09-01 17:00:00,2022-09-01 17:00:00
"RISEH","SWOUT",2022-09-01 17:30:00,2022-09-01 17:30:00
"RISEH","SWOUT",2022-09-01 18:00:00,2022-09-01 18:00:00
"RISEH","SWOUT",2022-09-01 18:30:00,2022-09-01 18:30:00
"RISEH","SWOUT",2022-09-01 19:00:00,2022-09-01 19:00:00
"RISEH","SWOUT",2022-09-04 16:00:00,2022-09-04 16:00:00
"RISEH","SWOUT",2022-09-04 16:30:00,2022-09-04 16:30:00
"RISEH","SWOUT",2022-09-05 18:00:00,2022-09-05 18:00:00
"RISEH","SWOUT",2022-09-06 16:30:00,2022-09-06 16:30:00
"RISEH","SWOUT",2022-09-06 17:30:00,2022-09-06 17:30:00
"RISEH","SWOUT",2022-09-06 18:00:00,2022-09-06 18:00:00
"RISEH","SWOUT",2022-09-09 15:30:00,2022-09-09 15:30:00
"RISEH","SWOUT",2022-09-09 17:00:00,2022-09-09 17:00:00
"RISEH","SWOUT",2022-09-09 17:30:00,2022-09-09 17:30:00
"RISEH","SWOUT",2022-09-10 16:00:00,2022-09-10 16:00:00
"RISEH","SWOUT",2022-09-10 16:30:00,2022-09-10 16:30:00
"RISEH","SWOUT",2022-09-10 17:00:00,2022-09-10 17:00:00
"RISEH","SWOUT",2022-09-10 18:00:00,2022-09-10 18:00:00
"RISEH","SWOUT",2022-09-10 18:30:00,2022-09-10 18:30:00
"RISEH","SWOUT",2022-09-13 17:30:00,2022-09-13 17:30:00
"RISEH","SWOUT",2022-09-14 16:00:00,2022-09-14 16:00:00
"RISEH","SWOUT",2022-09-14 16:30:00,2022-09-14 16:30:00
"RISEH","SWOUT",2022-09-14 17:00:00,2022-09-14 17:00:00
"RISEH","SWOUT",2022-09-14 17:30:00,2022-09-14 17:30:00
"RISEH","SWOUT",2022-09-16 15:30:00,2022-09-16 15:30:00
"RISEH","SWOUT",2022-09-16 16:00:00,2022-09-16 16:00:00
"RISEH","SWOUT",2022-09-16 16:30:00,2022-09-16 16:30:00
"RISEH","SWOUT",2022-09-16 17:00:00,2022-09-16 17:00:00
"RISEH","SWOUT",2022-09-16 17:30:00,2022-09-16 17:30:00
"RISEH","SWOUT",2022-09-16 18:00:00,2022-09-16 18:00:00
"RISEH","SWOUT",2022-09-17 15:30:00,2022-09-17 15:30:00
"RISEH","SWOUT",2022-09-17 17:00:00,2022-09-17 17:00:00
"RISEH","SWOUT",2022-09-17 18:00:00,2022-09-17 18:00:00
"RISEH","SWOUT",2022-09-18 16:30:00,2022-09-18 16:30:00
"RISEH","SWOUT",2022-09-23 15:30:00,2022-09-23 15:30:00
"RISEH","SWOUT",2022-09-23 16:30:00,2022-09-23 16:30:00
"RISEH","SWOUT",2022-09-23 17:00:00,2022-09-23 17:00:00
"RISEH","SWOUT",2022-09-27 15:30:00,2022-09-27 15:30:00
"RISEH","SWOUT",2022-09-27 16:30:00,2022-09-27 16:30:00
"RISEH","SWOUT",2022-09-27 17:00:00,2022-09-27 17:00:00
"RISEH","SWOUT",2022-09-27 17:30:00,2022-09-27 17:30:00
"RISEH","SWOUT",2022-10-02 15:30:00,2022-10-02 15:30:00
"RISEH","SWOUT",2022-10-02 16:00:00,2022-10-02 16:00:00
"RISEH","SWOUT",2022-10-02 16:30:00,2022-10-02 16:30:00
"RISEH","SWOUT",2022-10-02 17:00:00,2022-10-02 17:00:00
"RISEH","SWOUT",2022-10-02 17:30:00,2022-10-02 17:30:00
"RISEH","SWOUT",2022-10-05 16:30:00,2022-10-05 16:30:00
"RISEH","SWOUT",2022-10-05 17:00:00,2022-10-05 17:00:00
"RISEH","SWOUT",2022-10-05 17:30:00,2022-10-05 17:30:00
"RISEH","SWOUT",2022-10-08 16:00:00,2022-10-08 16:00:00
"RISEH","SWOUT",2022-10-08 16:30:00,2022-10-08 16:30:00
"RISEH","SWOUT",2022-10-08 17:00:00,2022-10-08 17:00:00
"RISEH","SWOUT",2022-10-10 15:30:00,2022-10-10 15:30:00
"RISEH","SWOUT",2022-10-10 16:00:00,2022-10-10 16:00:00
"RISEH","SWOUT",2022-10-10 16:30:00,2022-10-10 16:30:00
"RISEH","SWOUT",2022-10-10 17:00:00,2022-10-10 17:00:00
"RISEH","SWOUT",2022-10-11 17:00:00,2022-10-11 17:00:00
"RISEH","SWOUT",2022-10-15 14:30:00,2022-10-15 14:30:00
"RISEH","SWOUT",2022-10-15 15:00:00,2022-10-15 15:00:00
"RISEH","SWOUT",2022-10-15 15:30:00,2022-10-15 15:30:00
"RISEH","SWOUT",2022-10-15 16:00:00,2022-10-15 16:00:00
"RISEH","SWOUT",2022-10-15 16:30:00,2022-10-15 16:30:00
"RISEH","SWOUT",2022-10-15 17:00:00,2022-10-15 17:00:00
"RISEH","SWOUT",2022-10-17 15:00:00,2022-10-17 15:00:00
"RISEH","SWOUT",2022-10-17 15:30:00,2022-10-17 15:30:00
"RISEH","SWOUT",2022-10-17 16:00:00,2022-10-17 16:00:00
"RISEH","SWOUT",2022-10-17 16:30:00,2022-10-17 16:30:00
"RISEH","SWOUT",2022-10-17 17:00:00,2022-10-17 17:00:00
"RISEH","SWOUT",2022-10-18 14:30:00,2022-10-18 14:30:00
"RISEH","SWOUT",2022-10-18 15:00:00,2022-10-18 15:00:00
"RISEH","SWOUT",2022-10-18 15:30:00,2022-10-18 15:30:00
"RISEH","SWOUT",2022-11-04 14:30:00,2022-11-04 14:30:00
"RISEH","SWOUT",2022-11-04 15:30:00,2022-11-04 15:30:00
"RISEH","SWOUT",2022-11-04 16:00:00,2022-11-04 16:00:00
"RISEH","SWOUT",2022-11-08 14:00:00,2022-11-08 14:00:00
"RISEH","SWOUT",2022-11-09 14:00:00,2022-11-09 14:00:00
"RISEH","SWOUT",2022-11-09 14:30:00,2022-11-09 14:30:00
"RISEH","SWOUT",2022-11-09 15:00:00,2022-11-09 15:00:00
"RISEH","SWOUT",2022-11-09 15:30:00,2022-11-09 15:30:00
"RISEH","SWOUT",2022-11-12 14:00:00,2022-11-12 14:00:00
"RISEH","SWOUT",2022-11-12 14:30:00,2022-11-12 14:30:00
"RISEH","SWOUT",2022-11-12 15:00:00,2022-11-12 15:00:00
"RISEH","SWOUT",2022-11-12 15:30:00,2022-11-12 15:30:00
"RISEH","SWOUT",2022-11-12 16:00:00,2022-11-12 16:00:00
"RISEH","SWOUT",2023-04-02 17:30:00,2023-04-02 17:30:00
"RISEH","SWOUT",2023-04-02 18:00:00,2023-04-02 18:00:00
"RISEH","SWOUT",2023-04-02 18:30:00,2023-04-02 18:30:00
"RISEH","SWOUT",2023-04-03 18:00:00,2023-04-03 18:00:00
"RISEH","SWOUT",2023-04-03 18:30:00,2023-04-03 18:30:00
"RISEH","SWOUT",2023-04-04 17:00:00,2023-04-04 17:00:00
"RISEH","SWOUT",2023-04-04 17:30:00,2023-04-04 17:30:00
"RISEH","SWOUT",2023-04-07 17:00:00,2023-04-07 17:00:00
"RISEH","SWOUT",2023-04-07 17:30:00,2023-04-07 17:30:00
"RISEH","SWOUT",2023-04-07 18:00:00,2023-04-07 18:00:00
"RISEH","SWOUT",2023-04-07 18:30:00,2023-04-07 18:30:00
"RISEH","SWOUT",2023-04-08 17:30:00,2023-04-08 17:30:00
"RISEH","SWOUT",2023-04-08 18:00:00,2023-04-08 18:00:00
"RISEH","SWOUT",2023-04-08 18:30:00,2023-04-08 18:30:00
"RISEH","SWOUT",2023-04-10 18:00:00,2023-04-10 18:00:00
"RISEH","SWOUT",2023-04-13 16:00:00,2023-04-13 16:00:00
"RISEH","SWOUT",2023-04-13 16:30:00,2023-04-13 16:30:00
"RISEH","SWOUT",2023-04-13 17:00:00,2023-04-13 17:00:00
"RISEH","SWOUT",2023-04-13 17:30:00,2023-04-13 17:30:00
"RISEH","SWOUT",2023-04-13 18:00:00,2023-04-13 18:00:00
"RISEH","SWOUT",2023-04-13 18:30:00,2023-04-13 18:30:00
"RISEH","SWOUT",2023-04-13 19:00:00,2023-04-13 19:00:00
"RISEH","SWOUT",2023-04-17 15:30:00,2023-04-17 15:30:00
"RISEH","SWOUT",2023-04-17 16:00:00,2023-04-17 16:00:00
"RISEH","SWOUT",2023-04-17 16:30:00,2023-04-17 16:30:00
"RISEH","SWOUT",2023-04-17 17:00:00,2023-04-17 17:00:00
"RISEH","SWOUT",2023-04-17 17:30:00,2023-04-17 17:30:00
"RISEH","SWOUT",2023-04-17 18:00:00,2023-04-17 18:00:00
"RISEH","SWOUT",2023-04-17 18:30:00,2023-04-17 18:30:00
"RISEH","SWOUT",2023-04-17 19:00:00,2023-04-17 19:00:00
"RISEH","SWOUT",2023-04-18 15:30:00,2023-04-18 15:30:00
"RISEH","SWOUT",2023-04-18 16:00:00,2023-04-18 16:00:00
"RISEH","SWOUT",2023-04-18 16:30:00,2023-04-18 16:30:00
"RISEH","SWOUT",2023-04-18 17:00:00,2023-04-18 17:00:00
"RISEH","SWOUT",2023-04-18 17:30:00,2023-04-18 17:30:00
"RISEH","SWOUT",2023-04-18 18:00:00,2023-04-18 18:00:00
"RISEH","SWOUT",2023-04-18 18:30:00,2023-04-18 18:30:00
"RISEH","SWOUT",2023-04-18 19:00:00,2023-04-18 19:00:00
"RISEH","SWOUT",2023-04-19 15:30:00,2023-04-19 15:30:00
"RISEH","SWOUT",2023-04-19 16:00:00,2023-04-19 16:00:00
"RISEH","SWOUT",2023-04-19 16:30:00,2023-04-19 16:30:00
"RISEH","SWOUT",2023-04-19 17:00:00,2023-04-19 17:00:00
"RISEH","SWOUT",2023-04-19 17:30:00,2023-04-19 17:30:00
"RISEH","SWOUT",2023-04-19 18:00:00,2023-04-19 18:00:00
"RISEH","SWOUT",2023-04-19 18:30:00,2023-04-19 18:30:00
"RISEH","SWOUT",2023-04-19 19:00:00,2023-04-19 19:00:00
"RISEH","SWOUT",2023-04-20 15:30:00,2023-04-20 15:30:00
"RISEH","SWOUT",2023-04-20 16:00:00,2023-04-20 16:00:00
"RISEH","SWOUT",2023-04-20 16:30:00,2023-04-20 16:30:00
"RISEH","SWOUT",2023-04-21 18:00:00,2023-04-21 18:00:00
"RISEH","SWOUT",2023-04-21 18:30:00,2023-04-21 18:30:00
"RISEH","SWOUT",2023-04-25 17:30:00,2023-04-25 17:30:00
"RISEH","SWOUT",2023-04-25 18:00:00,2023-04-25 18:00:00
"RISEH","SWOUT",2023-04-25 18:30:00,2023-04-25 18:30:00
"RISEH","SWOUT",2023-05-07 19:00:00,2023-05-07 19:00:00
"RISEH","SWOUT",2023-05-15 17:00:00,2023-05-15 17:00:00
"RISEH","SWOUT",2023-05-15 18:30:00,2023-05-15 18:30:00
"RISEH","SWOUT",2023-05-15 19:00:00,2023-05-15 19:00:00
"RISEH","SWOUT",2023-05-19 19:00:00,2023-05-19 19:00:00
"RISEH","SWOUT",2023-05-19 19:30:00,2023-05-19 19:30:00
"RISEH","SWOUT",2023-05-20 17:00:00,2023-05-20 17:00:00
"RISEH","SWOUT",2023-05-20 17:30:00,2023-05-20 17:30:00
"RISEH","SWOUT",2023-05-20 18:00:00,2023-05-20 18:00:00
"RISEH","SWOUT",2023-05-20 18:30:00,2023-05-20 18:30:00
"RISEH","SWOUT",2023-05-20 19:00:00,2023-05-20 19:00:00
"RISEH","SWOUT",2023-05-20 19:30:00,2023-05-20 19:30:00
"RISEH","SWOUT",2023-05-20 20:00:00,2023-05-20 20:00:00
"RISEH","SWOUT",2023-05-21 17:00:00,2023-05-21 17:00:00
"RISEH","SWOUT",2023-05-21 17:30:00,2023-05-21 17:30:00
"RISEH","SWOUT",2023-05-21 18:00:00,2023-05-21 18:00:00
"RISEH","SWOUT",2023-05-21 18:30:00,2023-05-21 18:30:00
"RISEH","SWOUT",2023-05-21 19:00:00,2023-05-21 19:00:00
"RISEH","SWOUT",2023-05-21 19:30:00,2023-05-21 19:30:00
"RISEH","SWOUT",2023-05-21 20:00:00,2023-05-21 20:00:00
"RISEH","SWOUT",2023-05-22 17:30:00,2023-05-22 17:30:00
"RISEH","SWOUT",2023-05-22 18:00:00,2023-05-22 18:00:00
"RISEH","SWOUT",2023-05-22 18:30:00,2023-05-22 18:30:00
"RISEH","SWOUT",2023-05-22 19:00:00,2023-05-22 19:00:00
"RISEH","SWOUT",2023-05-24 17:00:00,2023-05-24 17:00:00
"RISEH","SWOUT",2023-05-24 17:30:00,2023-05-24 17:30:00
"RISEH","SWOUT",2023-05-24 18:00:00,2023-05-24 18:00:00
"RISEH","SWOUT",2023-05-24 18:30:00,2023-05-24 18:30:00
"RISEH","SWOUT",2023-05-24 19:00:00,2023-05-24 19:00:00
"RISEH","SWOUT",2023-05-24 19:30:00,2023-05-24 19:30:00
"RISEH","SWOUT",2023-05-26 17:00:00,2023-05-26 17:00:00
"RISEH","SWOUT",2023-05-26 17:30:00,2023-05-26 17:30:00
"RISEH","SWOUT",2023-05-26 18:00:00,2023-05-26 18:00:00
"RISEH","SWOUT",2023-05-26 18:30:00,2023-05-26 18:30:00
"RISEH","SWOUT",2023-05-26 19:00:00,2023-05-26 19:00:00
"RISEH","SWOUT",2023-05-26 19:30:00,2023-05-26 19:30:00
"RISEH","SWOUT",2023-05-26 20:00:00,2023-05-26 20:00:00
"RISEH","SWOUT",2023-05-27 17:00:00,2023-05-27 17:00:00
"RISEH","SWOUT",2023-05-27 17:30:00,2023-05-27 17:30:00
"RISEH","SWOUT",2023-05-27 18:00:00,2023-05-27 18:00:00
"RISEH","SWOUT",2023-05-27 18:30:00,2023-05-27 18:30:00
"RISEH","SWOUT",2023-05-27 19:00:00,2023-05-27 19:00:00
"RISEH","SWOUT",2023-05-27 19:30:00,2023-05-27 19:30:00
"RISEH","SWOUT",2023-05-28 18:30:00,2023-05-28 18:30:00
"RISEH","SWOUT",2023-05-29 17:30:00,2023-05-29 17:30:00
"RISEH","SWOUT",2023-05-29 18:00:00,2023-05-29 18:00:00
"RISEH","SWOUT",2023-05-29 18:30:00,2023-05-29 18:30:00
"RISEH","SWOUT",2023-05-29 19:00:00,2023-05-29 19:00:00
"RISEH","SWOUT",2023-05-29 19:30:00,2023-05-29 19:30:00
"RISEH","SWOUT",2023-05-29 20:00:00,2023-05-29 20:00:00
"RISEH","SWOUT",2023-06-02 17:30:00,2023-06-02 17:30:00
"RISEH","SWOUT",2023-06-02 18:00:00,2023-06-02 18:00:00
"RISEH","SWOUT",2023-06-02 18:30:00,2023-06-02 18:30:00
"RISEH","SWOUT",2023-06-02 19:00:00,2023-06-02 19:00:00
"RISEH","SWOUT",2023-06-02 19:30:00,2023-06-02 19:30:00
"RISEH","SWOUT",2023-06-02 20:00:00,2023-06-02 20:00:00
"RISEH","SWOUT",2023-06-03 17:30:00,2023-06-03 17:30:00
"RISEH","SWOUT",2023-06-03 18:00:00,2023-06-03 18:00:00
"RISEH","SWOUT",2023-06-03 18:30:00,2023-06-03 18:30:00
"RISEH","SWOUT",2023-06-03 19:00:00,2023-06-03 19:00:00
"RISEH","SWOUT",2023-06-03 19:30:00,2023-06-03 19:30:00
"RISEH","SWOUT",2023-06-03 20:00:00,2023-06-03 20:00:00
"RISEH","SWOUT",2023-06-03 20:30:00,2023-06-03 20:30:00
"RISEH","SWOUT",2023-06-08 17:00:00,2023-06-08 17:00:00
"RISEH","SWOUT",2023-06-08 17:30:00,2023-06-08 17:30:00
"RISEH","SWOUT",2023-06-08 18:00:00,2023-06-08 18:00:00
"RISEH","SWOUT",2023-06-08 18:30:00,2023-06-08 18:30:00
"RISEH","SWOUT",2023-06-08 19:00:00,2023-06-08 19:00:00
"RISEH","SWOUT",2023-06-08 19:30:00,2023-06-08 19:30:00
"RISEH","SWOUT",2023-06-08 20:00:00,2023-06-08 20:00:00
"RISEH","SWOUT",2023-06-09 18:00:00,2023-06-09 18:00:00
"RISEH","SWOUT",2023-06-09 18:30:00,2023-06-09 18:30:00
"RISEH","SWOUT",2023-06-09 19:00:00,2023-06-09 19:00:00
"RISEH","SWOUT",2023-06-09 19:30:00,2023-06-09 19:30:00
"RISEH","SWOUT",2023-06-09 20:00:00,2023-06-09 20:00:00
"RISEH","SWOUT",2023-06-10 18:00:00,2023-06-10 18:00:00
"RISEH","SWOUT",2023-06-10 18:30:00,2023-06-10 18:30:00
"RISEH","SWOUT",2023-06-10 19:30:00,2023-06-10 19:30:00
"RISEH","SWOUT",2023-06-13 18:00:00,2023-06-13 18:00:00
"RISEH","SWOUT",2023-06-13 18:30:00,2023-06-13 18:30:00
"RISEH","SWOUT",2023-06-13 19:00:00,2023-06-13 19:00:00
"RISEH","SWOUT",2023-06-13 19:30:00,2023-06-13 19:30:00
"RISEH","SWOUT",2023-06-13 20:00:00,2023-06-13 20:00:00
"RISEH","SWOUT",2023-06-14 17:30:00,2023-06-14 17:30:00
"RISEH","SWOUT",2023-06-14 18:00:00,2023-06-14 18:00:00
"RISEH","SWOUT",2023-06-14 18:30:00,2023-06-14 18:30:00
"RISEH","SWOUT",2023-06-14 19:00:00,2023-06-14 19:00:00
"RISEH","SWOUT",2023-06-14 19:30:00,2023-06-14 19:30:00
"RISEH","SWOUT",2023-06-14 20:00:00,2023-06-14 20:00:00
"RISEH","SWOUT",2023-06-15 18:00:00,2023-06-15 18:00:00
"RISEH","SWOUT",2023-06-15 18:30:00,2023-06-15 18:30:00
"RISEH","SWOUT",2023-06-15 19:00:00,2023-06-15 19:00:00
"RISEH","SWOUT",2023-06-15 19:30:00,2023-06-15 19:30:00
"RISEH","SWOUT",2023-06-15 20:00:00,2023-06-15 20:00:00
"RISEH","SWOUT",2023-06-16 18:30:00,2023-06-16 18:30:00
"RISEH","SWOUT",2023-06-16 19:00:00,2023-06-16 19:00:00
"RISEH","SWOUT",2023-06-26 19:00:00,2023-06-26 19:00:00
"RISEH","SWOUT",2023-06-29 18:30:00,2023-06-29 18:30:00
"RISEH","SWOUT",2023-06-29 19:00:00,2023-06-29 19:00:00
"RISEH","SWOUT",2023-06-29 19:30:00,2023-06-29 19:30:00
"RISEH","SWOUT",2023-06-29 20:00:00,2023-06-29 20:00:00
"RISEH","SWOUT",2023-07-01 20:00:00,2023-07-01 20:00:00
"RISEH","SWOUT",2023-07-03 18:00:00,2023-07-03 18:00:00
"RISEH","SWOUT",2023-07-03 18:30:00,2023-07-03 18:30:00
"RISEH","SWOUT",2023-07-03 19:00:00,2023-07-03 19:00:00
"RISEH","SWOUT",2023-07-03 19:30:00,2023-07-03 19:30:00
"RISEH","SWOUT",2023-07-05 19:00:00,2023-07-05 19:00:00
"RISEH","SWOUT",2023-07-05 19:30:00,2023-07-05 19:30:00
"RISEH","SWOUT",2023-07-07 19:00:00,2023-07-07 19:00:00
"RISEH","SWOUT",2023-07-07 19:30:00,2023-07-07 19:30:00
"RISEH","SWOUT",2023-07-07 20:00:00,2023-07-07 20:00:00
"RISEH","PA",2023-07-11 11:00:00,2023-07-11 12:00:00
"RISEH","CTS_MOD",2024-05-17 06:30:00,2024-05-17 06:30:00
"RISEH","CTS_MOD",2024-05-24 20:30:00,2024-05-24 20:30:00
"RISEH","PA",2025-04-16 09:30:00,2025-04-16 09:30:00
"RISEH","PRECIP",2025-06-06 06:00:00,2025-06-17 00:00:00
"RISEH","CTS_MOD",2026-01-19 22:30:00,2026-01-21 14:30:00
"ROTHD","PRECIP_TIPPING2",2014-07-25 00:00:00,
"ROTHD","PRECIP",2014-07-28 14:30:00,2014-07-28 15:00:00
"ROTHD","PA",2015-06-02 15:00:00,2015-06-02 15:00:00
"ROTHD","PA",2015-08-03 13:00:00,2015-08-03 13:00:00
"ROTHD","PA;TA",2015-09-08 10:00:00,2015-09-08 10:00:00
"ROTHD","CTS_MOD",2016-08-04 08:30:00,2016-08-04 08:30:00
"ROTHD","CTS_MOD",2019-10-23 09:00:00,2019-10-23 09:00:00
"ROTHD","CTS_MOD2",2019-10-23 17:30:00,2021-06-02 09:00:00
"ROTHD","LWIN",2020-07-13 15:00:00,2020-08-05 12:00:00
"ROTHD","CTS_MOD",2020-10-28 10:30:00,2020-10-28 10:30:00
"ROTHD","PRECIP",2020-11-05 00:30:00,2021-01-11 20:00:00
"ROTHD","CTS_MOD",2021-06-02 10:30:00,2021-06-02 10:30:00
"ROTHD","CTS_MOD",2021-07-14 10:00:00,2021-07-14 10:00:00
"ROTHD","PRECIP",2021-07-24 00:30:00,2021-08-04 00:30:00
"ROTHD","PA",2022-08-10 10:30:00,2022-08-10 10:30:00
"ROTHD","CTS_MOD",2023-08-09 10:30:00,2023-08-09 10:30:00
"ROTHD","PRECIP",2023-08-09 12:00:00,2023-08-12 00:00:00
"ROTHD","PRECIP",2023-08-17 00:00:00,2023-08-18 00:00:00
"ROTHD","PRECIP",2023-08-25 00:00:00,2023-08-25 12:00:00
"ROTHD","PRECIP",2023-08-27 00:00:00,2023-08-29 00:00:00
"ROTHD","PRECIP",2023-08-30 09:00:00,2023-08-31 00:00:00
"ROTHD","PRECIP",2023-09-11 00:00:00,2023-09-12 00:00:00
"ROTHD","PRECIP",2023-09-13 00:00:00,2023-09-15 00:00:00
"ROTHD","PRECIP",2023-09-15 12:00:00,2023-09-17 00:00:00
"ROTHD","PRECIP",2023-10-06 00:00:00,2023-10-10 00:00:00
"ROTHD","PRECIP",2023-10-27 12:00:00,2023-10-28 16:00:00
"ROTHD","PRECIP",2023-10-29 15:00:00,2023-10-31 14:00:00
"ROTHD","PRECIP",2023-10-31 18:00:00,2023-10-31 21:00:00
"ROTHD","PRECIP",2023-11-05 08:00:00,2023-11-07 02:00:00
"ROTHD","PRECIP",2023-11-07 12:00:00,2023-11-08 05:00:00
"ROTHD","PRECIP",2023-11-08 20:00:00,2023-11-09 15:00:00
"ROTHD","PRECIP",2023-11-09 23:00:00,2023-11-10 02:00:00
"ROTHD","PRECIP",2023-11-10 20:00:00,2023-11-12 00:00:00
"ROTHD","PRECIP",2023-11-14 17:00:00,2023-11-15 00:00:00
"ROTHD","PRECIP",2023-11-15 23:00:00,2023-11-17 06:00:00
"ROTHD","PRECIP",2023-11-19 00:00:00,2023-11-20 15:00:00
"ROTHD","PRECIP",2023-11-22 00:00:00,2023-11-26 11:00:00
"ROTHD","PRECIP",2023-11-28 00:00:00,2023-11-30 08:00:00
"ROTHD","PRECIP",2023-12-06 18:00:00,2023-12-07 00:00:00
"ROTHD","PRECIP_RAINE",2023-12-08 00:00:00,2023-12-08 12:00:00
"ROTHD","PRECIP",2023-12-14 13:00:00,2023-12-16 12:00:00
"ROTHD","PRECIP",2023-12-20 00:00:00,2023-12-21 00:00:00
"ROTHD","PRECIP",2023-12-26 07:00:00,2023-12-26 23:00:00
"ROTHD","PRECIP",2023-12-30 03:00:00,2023-12-30 08:00:00
"ROTHD","PRECIP",2024-01-01 10:00:00,2024-01-01 14:00:00
"ROTHD","PRECIP",2024-01-07 05:00:00,2024-01-07 08:00:00
"ROTHD","PRECIP",2024-01-08 00:00:00,2024-01-09 12:00:00
"ROTHD","PRECIP",2024-01-13 07:00:00,2024-01-18 21:00:00
"ROTHD","PRECIP_RAINE",2024-02-01 00:00:00,2024-02-06 06:00:00
"ROTHD","PRECIP_RAINE",2024-02-10 04:00:00,2024-02-10 07:00:00
"ROTHD","PRECIP_RAINE",2024-02-11 12:00:00,2024-02-12 17:00:00
"ROTHD","PRECIP_RAINE",2024-02-15 20:00:00,2024-02-15 22:00:00
"ROTHD","PRECIP_RAINE",2024-02-16 07:00:00,2024-02-16 14:00:00
"ROTHD","PRECIP_RAINE",2024-02-18 10:00:00,2024-02-18 17:00:00
"ROTHD","PRECIP_RAINE",2024-02-19 00:00:00,2024-02-21 00:00:00
"ROTHD","PRECIP_RAINE",2024-02-23 20:00:00,2024-02-24 03:00:00
"ROTHD","PRECIP_RAINE",2024-02-25 09:00:00,2024-02-25 18:00:00
"ROTHD","PRECIP_RAINE",2024-02-26 09:00:00,2024-02-27 18:00:00
"ROTHD","PRECIP_RAINE",2024-02-28 01:00:00,2024-02-28 10:00:00
"ROTHD","PRECIP_RAINE",2024-02-29 00:00:00,2024-02-29 02:00:00
"ROTHD","PRECIP_RAINE",2024-03-01 14:00:00,2024-03-01 17:00:00
"ROTHD","PRECIP_RAINE",2024-03-01 21:00:00,2024-03-02 00:00:00
"ROTHD","PRECIP_RAINE",2024-03-02 11:30:00,2024-03-04 17:00:00
"ROTHD","PRECIP_RAINE",2024-03-05 11:00:00,2024-03-09 18:00:00
"ROTHD","PRECIP_RAINE",2024-03-11 05:00:00,2024-03-11 12:00:00
"ROTHD","PRECIP_RAINE",2024-03-14 14:00:00,2024-03-14 17:30:00
"ROTHD","PRECIP_RAINE",2024-03-14 20:30:00,2024-03-14 23:00:00
"ROTHD","PRECIP_RAINE",2024-03-15 04:00:00,2024-03-16 13:00:00
"ROTHD","PRECIP_RAINE",2024-03-16 22:00:00,2024-03-17 00:00:00
"ROTHD","PRECIP_RAINE",2024-03-18 09:00:00,2024-03-18 14:00:00
"ROTHD","PRECIP_RAINE",2024-03-20 12:00:00,2024-03-20 16:00:00
"ROTHD","PRECIP_RAINE",2024-03-21 10:00:00,2024-03-26 15:00:00
"ROTHD","PRECIP_RAINE",2024-03-27 08:00:00,2024-03-27 12:00:00
"ROTHD","PRECIP_RAINE",2024-03-27 15:00:00,2024-03-27 19:00:00
"ROTHD","PRECIP_RAINE",2024-03-29 05:00:00,2024-03-31 15:00:00
"ROTHD","PRECIP_RAINE",2024-04-01 08:00:00,2024-04-01 16:00:00
"ROTHD","PRECIP_RAINE",2024-04-02 11:00:00,2024-04-02 16:00:00
"ROTHD","PRECIP_RAINE",2024-04-03 01:00:00,2024-04-03 09:00:00
"ROTHD","PRECIP_RAINE",2024-04-03 13:00:00,2024-04-03 19:00:00
"ROTHD","PRECIP_RAINE",2024-04-04 08:00:00,2024-04-04 17:00:00
"ROTHD","PRECIP_RAINE",2024-04-05 09:00:00,2024-04-08 17:00:00
"ROTHD","PRECIP_RAINE",2024-04-08 21:00:00,2024-04-08 23:00:00
"ROTHD","PRECIP_RAINE",2024-04-09 13:00:00,2024-04-10 12:00:00
"ROTHD","PRECIP_RAINE",2024-04-11 09:00:00,2024-04-14 17:00:00
"ROTHD","CTS_MOD",2024-12-05 12:00:00,2024-12-05 12:00:00
"ROTHD","CTS_MOD",2025-01-11 12:30:00,2025-01-11 12:30:00
"ROTHD","CTS_MOD",2025-01-13 00:30:00,2025-01-13 00:30:00
"ROTHD","CTS_MOD",2025-01-14 12:30:00,2025-01-14 12:30:00
"ROTHD","CTS_MOD",2026-01-19 22:30:00,2026-01-20 14:30:00
"ROTHD","PRECIP",2026-07-15 00:00:00,
"SHEEP","PRECIP_TIPPING2",2013-10-24 00:00:00,
"SHEEP","STP_TSOIL50;STP_TSOIL20;STP_TSOIL10;STP_TSOIL5;STP_TSOIL2",2013-10-24 00:30:00,2014-04-30 15:00:00
"SHEEP","WS;WD;PA;RH;TA;Q",2013-10-24 14:30:00,2013-10-24 15:00:00
"SHEEP","PA",2013-10-24 16:00:00,2013-10-24 16:00:00
"SHEEP","CTS_MOD2",2013-10-24 16:00:00,2016-08-24 09:00:00
"SHEEP","PRECIP",2014-07-26 11:00:00,2014-10-25 17:00:00
"SHEEP","TDT1_TSOIL",2015-02-21 09:30:00,2017-04-12 11:00:00
"SHEEP","WS;WD",2016-03-05 06:30:00,2016-03-05 08:30:00
"SHEEP","CTS_MOD",2016-05-17 22:30:00,2016-05-17 22:30:00
"SHEEP","CTS_MOD;CTS_MOD2",2016-08-24 09:30:00,2016-08-24 10:30:00
"SHEEP","G1",2017-07-25 20:30:00,2017-11-09 13:30:00
"SHEEP","TDT1_TSOIL",2017-07-26 05:00:00,2017-11-09 13:30:00
"SHEEP","CTS_MOD",2017-09-27 10:30:00,2017-09-27 11:30:00
"SHEEP","CTS_MOD",2017-09-27 14:00:00,2017-09-27 14:30:00
"SHEEP","CTS_MOD",2017-09-29 03:00:00,2017-09-29 03:00:00
"SHEEP","CTS_MOD",2017-10-15 19:30:00,2017-10-16 12:00:00
"SHEEP","CTS_MOD",2017-10-18 08:00:00,2017-10-18 10:30:00
"SHEEP","CTS_MOD",2017-10-19 07:30:00,2017-10-22 13:00:00
"SHEEP","TDT2_TSOIL",2017-11-09 11:00:00,2017-12-06 12:30:00
"SHEEP","CTS_MOD",2018-09-19 14:00:00,2018-09-19 14:00:00
"SHEEP","CTS_MOD",2018-12-03 13:00:00,2018-12-03 15:00:00
"SHEEP","PRECIP",2019-05-10 00:00:00,2019-05-26 23:30:00
"SHEEP","PRECIP",2019-08-19 00:30:00,2019-10-03 08:51:00
"SHEEP","CTS_MOD",2019-09-21 14:30:00,2019-09-21 14:30:00
"SHEEP","WS;WD",2019-11-28 15:00:00,2019-12-10 14:30:00
"SHEEP","CTS_MOD",2020-02-11 15:30:00,2020-02-11 15:30:00
"SHEEP","PRECIP",2020-04-22 00:30:00,2020-04-25 00:00:00
"SHEEP","CTS_MOD",2020-04-25 21:00:00,2020-04-25 21:00:00
"SHEEP","CTS_MOD",2020-04-27 11:30:00,2020-04-27 11:30:00
"SHEEP","G1;G2",2020-06-06 13:30:00,2020-06-26 00:30:00
"SHEEP","PRECIP",2020-08-01 08:00:00,2020-08-18 12:30:00
"SHEEP","PA",2020-09-12 15:30:00,2020-09-12 15:30:00
"SHEEP","PA",2020-09-13 03:30:00,2020-09-13 03:30:00
"SHEEP","PA",2020-09-13 15:30:00,2020-09-13 15:30:00
"SHEEP","PA",2020-09-14 03:30:00,2020-09-14 03:30:00
"SHEEP","PA",2020-09-14 15:30:00,2020-09-14 15:30:00
"SHEEP","PA",2020-09-15 03:30:00,2020-09-15 03:30:00
"SHEEP","PA",2020-09-15 15:30:00,2020-09-15 15:30:00
"SHEEP","PA",2020-09-16 03:30:00,2020-09-16 03:30:00
"SHEEP","PA",2020-09-16 15:30:00,2020-09-16 15:30:00
"SHEEP","PA",2020-09-17 03:30:00,2020-09-17 03:30:00
"SHEEP","PA",2020-09-17 15:30:00,2020-09-17 15:30:00
"SHEEP","PA",2020-09-18 03:30:00,2020-09-18 03:30:00
"SHEEP","PA",2020-09-18 15:30:00,2020-09-18 15:30:00
"SHEEP","PA",2020-09-19 03:30:00,2020-09-19 03:30:00
"SHEEP","PA",2020-09-19 15:30:00,2020-09-19 15:30:00
"SHEEP","PA",2020-09-20 03:30:00,2020-09-20 03:30:00
"SHEEP","PA",2020-09-20 15:30:00,2020-09-20 15:30:00
"SHEEP","PA",2020-09-21 03:30:00,2020-09-21 03:30:00
"SHEEP","PA",2020-09-21 15:30:00,2020-09-21 15:30:00
"SHEEP","PA",2020-09-22 03:30:00,2020-09-22 03:30:00
"SHEEP","PA",2020-09-22 15:30:00,2020-09-22 15:30:00
"SHEEP","PA",2020-09-23 03:30:00,2020-09-23 03:30:00
"SHEEP","CTS_MOD",2020-10-27 11:30:00,2020-10-27 11:30:00
"SHEEP","PRECIP_TIPPING",2020-10-27 12:00:00,2020-10-27 12:00:00
"SHEEP","SWIN;SWOUT;LWIN;LWOUT;PA",2020-10-27 12:30:00,2020-10-27 14:00:00
"SHEEP","TA;RH",2021-01-20 22:30:00,2021-02-03 16:00:00
"SHEEP","PRECIP",2021-05-26 00:30:00,2021-05-26 23:30:00
"SHEEP","PRECIP",2021-08-27 14:00:00,2021-08-27 14:00:00
"SHEEP","PRECIP",2021-08-27 17:30:00,2021-08-27 17:30:00
"SHEEP","PRECIP",2021-08-28 12:30:00,2021-08-28 12:30:00
"SHEEP","PRECIP",2021-08-28 13:30:00,2021-08-28 13:30:00
"SHEEP","PRECIP",2021-08-28 16:30:00,2021-08-28 16:30:00
"SHEEP","PRECIP",2021-08-31 12:30:00,2021-08-31 12:30:00
"SHEEP","PRECIP",2021-09-01 15:30:00,2021-09-01 15:30:00
"SHEEP","PRECIP",2021-09-02 11:30:00,2021-09-02 11:30:00
"SHEEP","PRECIP",2021-09-02 13:00:00,2021-09-02 13:00:00
"SHEEP","PRECIP",2021-09-02 14:30:00,2021-09-02 14:30:00
"SHEEP","PRECIP",2021-09-02 15:30:00,2021-09-02 15:30:00
"SHEEP","PRECIP",2021-09-02 16:30:00,2021-09-02 16:30:00
"SHEEP","PRECIP",2021-09-03 11:30:00,2021-09-03 12:00:00
"SHEEP","PRECIP",2021-09-03 13:30:00,2021-09-03 14:30:00
"SHEEP","PRECIP",2021-09-03 16:00:00,2021-09-03 16:00:00
"SHEEP","PRECIP",2021-09-04 10:30:00,2021-09-04 11:00:00
"SHEEP","PRECIP",2021-09-05 15:30:00,2021-09-05 16:00:00
"SHEEP","PRECIP",2021-09-06 11:30:00,2021-09-06 12:00:00
"SHEEP","PRECIP",2021-09-06 13:00:00,2021-09-06 13:00:00
"SHEEP","PRECIP",2021-09-06 14:00:00,2021-09-06 14:00:00
"SHEEP","PRECIP",2021-09-06 15:00:00,2021-09-06 15:00:00
"SHEEP","PRECIP",2021-09-07 14:00:00,2021-09-07 14:00:00
"SHEEP","PRECIP",2021-09-08 13:00:00,2021-09-08 14:30:00
"SHEEP","PRECIP",2021-09-08 15:30:00,2021-12-23 00:00:00
"SHEEP","PRECIP_TIPPING",2021-12-17 09:00:00,2021-12-17 14:00:00
"SHEEP","PRECIP_TIPPING",2022-01-13 11:30:00,2022-01-13 12:00:00
"SHEEP","PRECIP",2022-08-19 16:00:00,2022-08-22 20:30:00
"SHEEP","PRECIP",2022-08-27 16:30:00,2022-08-30 16:00:00
"SHEEP","PA",2022-09-13 10:00:00,2022-09-13 10:00:00
"SHEEP","CTS_MOD",2022-09-13 11:30:00,2022-09-13 11:30:00
"SHEEP","PRECIP_RAINE",2023-03-07 11:30:00,2023-03-07 11:30:00
"SHEEP","PRECIP_RAINE",2023-11-30 00:00:00,2023-12-01 00:00:00
"SHEEP","PRECIP_RAINE",2023-12-08 00:00:00,2023-12-08 12:00:00
"SHEEP","PRECIP",2023-12-16 03:00:00,2023-12-16 08:00:00
"SHEEP","PRECIP_RAINE",2023-12-28 00:00:00,2023-12-28 05:00:00
"SHEEP","PRECIP",2024-02-02 02:00:00,2024-02-02 10:00:00
"SHEEP","PRECIP_RAINE",2024-02-04 00:00:00,2024-02-04 03:00:00
"SHEEP","PRECIP_RAINE",2024-02-05 13:00:00,2024-02-05 16:00:00
"SHEEP","PRECIP_RAINE",2024-02-06 03:00:00,2024-02-06 06:00:00
"SHEEP","PRECIP_RAINE",2024-02-06 14:00:00,2024-02-06 16:00:00
"SHEEP","PRECIP_RAINE",2024-02-10 03:00:00,2024-02-10 07:30:00
"SHEEP","PRECIP_RAINE",2024-02-11 08:00:00,2024-02-11 11:00:00
"SHEEP","PRECIP_RAINE",2024-02-12 00:00:00,2024-02-12 05:00:00
"SHEEP","PRECIP_RAINE",2024-02-14 00:00:00,2024-02-14 04:00:00
"SHEEP","PRECIP_RAINE",2024-02-14 20:00:00,2024-02-14 23:00:00
"SHEEP","PRECIP_RAINE",2024-02-16 05:00:00,2024-02-16 07:00:00
"SHEEP","PRECIP_RAINE",2024-02-17 08:00:00,2024-02-17 13:00:00
"SHEEP","PRECIP_RAINE",2024-02-18 13:00:00,2024-02-19 06:00:00
"SHEEP","PRECIP_RAINE",2024-02-23 15:00:00,2024-02-24 12:00:00
"SHEEP","PRECIP_RAINE",2024-02-24 23:00:00,2024-02-25 12:00:00
"SHEEP","PRECIP_RAINE",2024-03-14 13:00:00,2024-03-14 16:00:00
"SHEEP","PRECIP_RAINE",2024-03-15 02:00:00,2024-03-15 04:00:00
"SHEEP","PRECIP_RAINE",2024-03-15 18:00:00,2024-03-15 22:00:00
"SHEEP","PRECIP_RAINE",2024-03-18 07:00:00,2024-03-18 09:00:00
"SHEEP","PRECIP_RAINE",2024-03-19 12:00:00,2024-03-19 14:00:00
"SHEEP","PRECIP_RAINE",2024-03-22 07:00:00,2024-03-22 12:00:00
"SHEEP","PRECIP_RAINE",2024-03-30 04:00:00,2024-03-30 09:00:00
"SHEEP","PRECIP_RAINE",2024-04-01 05:00:00,2024-04-02 00:00:00
"SHEEP","PRECIP_RAINE",2024-04-02 03:00:00,2024-04-02 06:00:00
"SHEEP","PRECIP_RAINE",2024-04-04 07:00:00,2024-04-04 18:00:00
"SHEEP","PRECIP",2024-04-08 15:30:00,2024-04-08 16:30:00
"SHEEP","PRECIP",2024-04-08 23:00:00,2024-04-09 00:00:00
"SHEEP","PRECIP",2024-04-10 18:00:00,2024-04-10 22:00:00
"SHEEP","CTS_MOD",2024-08-29 09:00:00,2024-08-29 09:00:00
"SHEEP","CTS_MOD",2024-10-01 15:00:00,2024-10-01 15:00:00
"SHEEP","CTS_MOD",2024-10-02 13:00:00,2024-10-02 13:00:00
"SHEEP","CTS_MOD",2024-10-03 06:00:00,2024-10-03 06:00:00
"SHEEP","CTS_MOD",2024-10-03 18:30:00,2024-10-03 18:30:00
"SHEEP","CTS_MOD",2024-10-04 05:00:00,2024-10-04 05:00:00
"SHEEP","CTS_MOD",2024-10-04 13:30:00,2024-10-04 13:30:00
"SHEEP","CTS_MOD",2024-10-07 12:00:00,2024-10-07 12:00:00
"SHEEP","CTS_MOD",2024-10-12 05:30:00,2024-10-12 05:30:00
"SHEEP","CTS_MOD",2024-10-13 17:30:00,2024-10-13 17:30:00
"SHEEP","CTS_MOD",2024-10-15 05:30:00,2024-10-15 05:30:00
"SHEEP","CTS_MOD",2024-10-16 17:30:00,2024-10-16 17:30:00
"SHEEP","CTS_MOD",2024-10-19 03:30:00,2024-10-19 03:30:00
"SHEEP","CTS_MOD",2024-10-23 07:30:00,2024-10-23 07:30:00
"SHEEP","CTS_MOD",2024-10-24 19:30:00,2024-10-24 19:30:00
"SHEEP","CTS_MOD",2024-10-27 06:30:00,2024-10-27 06:30:00
"SHEEP","CTS_MOD",2024-10-28 18:30:00,2024-10-28 18:30:00
"SHEEP","CTS_MOD",2024-10-30 06:30:00,2024-10-30 06:30:00
"SHEEP","CTS_MOD",2025-01-08 17:30:00,2025-01-08 17:30:00
"SHEEP","CTS_MOD",2025-01-23 16:00:00,2025-01-23 16:00:00
"SHEEP","CTS_MOD",2025-04-22 20:00:00,2025-04-22 20:00:00
"SHEEP","CTS_MOD",2026-01-19 22:30:00,2026-01-20 14:30:00
"SOURH","PRECIP_TIPPING2",2014-11-19 00:00:00,
"SOURH","PA",2014-11-19 10:30:00,2014-11-19 11:00:00
"SOURH","TA;RH;Q",2015-11-04 16:00:00,2015-12-07 15:30:00
"SOURH","PRECIP",2015-11-11 19:30:00,2016-04-06 08:30:00
"SOURH","PA",2015-11-19 01:00:00,2015-11-19 01:00:00
"SOURH","UZ;UY;UX",2015-11-19 03:30:00,2015-11-19 03:30:00
"SOURH","UZ;UY;UX",2015-11-19 09:30:00,2015-11-19 09:30:00
"SOURH","UZ;UY;UX",2015-11-19 10:30:00,2015-11-19 10:30:00
"SOURH","PA",2016-04-06 08:30:00,2016-04-06 08:30:00
"SOURH","CTS_MOD",2019-04-10 17:30:00,2019-04-10 17:30:00
"SOURH","CTS_MOD",2019-07-30 13:30:00,2019-07-30 13:30:00
"SOURH","CTS_MOD",2019-07-30 16:00:00,2019-07-30 16:30:00
"SOURH","TA",2019-10-30 12:30:00,2019-10-30 12:30:00
"SOURH","PA",2020-03-22 14:30:00,2020-03-22 14:30:00
"SOURH","PA;TA",2020-10-07 10:30:00,2020-10-07 10:30:00
"SOURH","CTS_MOD",2020-10-07 12:00:00,2020-10-07 12:00:00
"SOURH","CTS_MOD",2026-01-19 22:30:00,2026-01-21 14:30:00
"SPENF","PRECIP_TIPPING2",2016-11-23 10:00:00,
"SPENF","PA",2016-11-23 10:30:00,2016-11-23 10:30:00
"SPENF","PA",2017-03-20 13:00:00,2017-03-20 14:00:00
"SPENF","CTS_MOD",2017-08-01 11:30:00,2017-08-01 11:30:00
"SPENF","PRECIP",2019-08-03 11:30:00,2019-09-05 11:30:00
"SPENF","CTS_MOD",2019-09-19 09:30:00,2019-09-19 09:30:00
"SPENF","PRECIP",2020-05-25 00:30:00,2020-05-31 23:30:00
"SPENF","PA",2020-07-15 11:30:00,2020-07-15 11:30:00
"SPENF","PA",2020-07-15 13:30:00,2020-07-15 13:30:00
"SPENF","CTS_MOD",2020-07-15 14:30:00,2020-07-15 15:00:00
"SPENF","PA",2020-07-15 14:30:00,2020-07-15 14:30:00
"SPENF","PRECIP",2020-09-04 00:30:00,2020-11-23 00:00:00
"SPENF","PA",2020-10-01 00:30:00,2020-10-01 00:30:00
"SPENF","G1;G2",2020-10-01 01:00:00,2020-10-02 00:00:00
"SPENF","CTS_MOD;PA",2020-12-17 10:30:00,2020-12-17 11:30:00
"SPENF","PA",2021-02-13 00:30:00,2021-02-13 00:30:00
"SPENF","PA",2022-05-04 10:30:00,2022-05-04 12:00:00
"SPENF","PRECIP",2022-06-19 01:00:00,2022-09-01 06:00:00
"SPENF","CTS_MOD",2022-10-11 14:30:00,2022-10-11 14:30:00
"SPENF","STP_TSOIL20",2023-04-26 09:30:00,2023-04-26 12:00:00
"SPENF","CTS_MOD",2023-04-26 09:30:00,2023-04-26 09:30:00
"SPENF","PRECIP",2023-12-01 00:00:00,2023-12-02 00:00:00
"SPENF","PA",2024-04-24 08:30:00,2024-04-24 08:30:00
"SPENF","CTS_MOD",2026-01-19 22:30:00,2026-01-20 14:30:00
"STGHT","PRECIP_TIPPING2",2015-08-18 00:00:00,2025-11-26 12:30:00
"STGHT","TA",2016-09-09 10:00:00,2016-09-09 10:00:00
"STGHT","CTS_MOD;PA",2016-09-09 11:00:00,2016-09-09 11:00:00
"STGHT","PRECIP",2018-07-07 00:00:00,2018-08-01 00:00:00
"STGHT","PRECIP",2018-08-01 00:00:00,2018-08-23 17:00:00
"STGHT","PA",2018-08-23 09:30:00,2018-08-23 09:30:00
"STGHT","CTS_MOD2",2019-09-12 09:30:00,2021-04-15 09:30:00
"STGHT","CTS_MOD",2020-07-21 10:30:00,2020-07-21 10:30:00
"STGHT","CTS_MOD",2020-07-21 12:00:00,2020-07-21 13:30:00
"STGHT","RH",2020-07-21 13:00:00,2020-07-21 13:00:00
"STGHT","WD;WS",2020-09-29 19:30:00,2020-10-22 10:30:00
"STGHT","CTS_MOD",2020-10-05 12:00:00,2020-10-05 12:00:00
"STGHT","PRECIP",2021-04-11 00:30:00,2021-04-12 23:30:00
"STGHT","ALL",2021-04-15 09:30:00,2021-04-15 12:30:00
"STGHT","CTS_MOD",2021-04-15 11:30:00,2021-04-15 11:30:00
"STGHT","CTS_MOD",2021-07-08 10:30:00,2021-07-08 10:30:00
"STGHT","TDT2_VWC",2021-08-30 03:00:00,2021-08-30 20:00:00
"STGHT","PRECIP",2021-09-09 13:30:00,2021-11-11 00:00:00
"STGHT","CTS_MOD",2022-04-27 10:30:00,2022-04-27 11:30:00
"STGHT","PA",2022-04-27 11:00:00,2022-04-27 11:00:00
"STGHT","PRECIP",2022-07-10 17:00:00,2022-08-06 16:30:00
"STGHT","CTS_MOD",2022-11-21 12:30:00,2022-11-21 12:30:00
"STGHT","PRECIP",2023-07-27 06:00:00,2023-07-30 12:00:00
"STGHT","PRECIP",2023-08-04 00:00:00,2023-08-05 00:00:00
"STGHT","PRECIP",2023-08-06 00:00:00,2023-08-14 00:00:00
"STGHT","PRECIP",2023-08-14 12:00:00,2023-08-18 00:00:00
"STGHT","PRECIP",2023-08-19 06:00:00,2023-08-26 00:00:00
"STGHT","PRECIP",2023-08-28 00:00:00,2023-08-29 00:00:00
"STGHT","PRECIP",2023-09-02 00:00:00,2023-09-03 00:00:00
"STGHT","PRECIP",2023-09-06 12:00:00,2023-09-10 00:00:00
"STGHT","PRECIP",2023-09-11 00:00:00,2023-09-12 00:00:00
"STGHT","PRECIP",2023-09-13 00:00:00,2023-09-14 00:00:00
"STGHT","PRECIP",2023-09-15 00:00:00,2023-09-17 12:00:00
"STGHT","PRECIP",2023-09-29 09:00:00,2023-09-30 15:00:00
"STGHT","PRECIP",2023-10-03 07:00:00,2023-10-05 18:00:00
"STGHT","PRECIP",2023-10-06 00:00:00,2023-10-11 00:00:00
"STGHT","PRECIP",2023-10-14 00:00:00,2023-10-18 00:00:00
"STGHT","PRECIP",2023-10-22 09:00:00,2023-10-22 17:00:00
"STGHT","PRECIP",2023-10-24 12:00:00,2023-10-24 17:00:00
"STGHT","PRECIP",2023-10-25 11:00:00,2023-10-25 17:00:00
"STGHT","PRECIP",2023-10-26 12:00:00,2023-10-26 17:00:00
"STGHT","PRECIP_RAINE",2023-10-26 20:00:00,2023-10-27 10:00:00
"STGHT","PRECIP",2023-10-27 15:00:00,2023-10-27 18:00:00
"STGHT","PRECIP",2023-10-29 09:00:00,2023-10-29 13:00:00
"STGHT","PRECIP",2023-10-30 00:00:00,2023-10-31 00:00:00
"STGHT","PRECIP_RAINE",2023-11-06 00:00:00,2023-11-07 12:00:00
"STGHT","PRECIP_RAINE",2024-02-03 21:00:00,2024-02-04 01:00:00
"STGHT","PRECIP_RAINE",2024-02-07 08:00:00,2024-02-07 10:00:00
"STGHT","PRECIP_RAINE",2024-02-09 15:00:00,2024-02-10 10:00:00
"STGHT","PRECIP_RAINE",2024-02-10 18:00:00,2024-02-11 12:00:00
"STGHT","PRECIP_RAINE",2024-02-12 07:00:00,2024-02-12 10:00:00
"STGHT","PRECIP_RAINE",2024-02-14 06:00:00,2024-02-14 12:00:00
"STGHT","PRECIP_RAINE",2024-02-15 04:00:00,2024-02-15 06:00:00
"STGHT","PRECIP_RAINE",2024-02-16 04:30:00,2024-02-16 08:00:00
"STGHT","PRECIP_RAINE",2024-02-19 07:00:00,2024-02-19 09:00:00
"STGHT","PRECIP_RAINE",2024-02-24 00:00:00,2024-02-24 04:00:00
"STGHT","PRECIP_RAINE",2024-02-25 00:00:00,2024-02-25 06:00:00
"STGHT","PRECIP_RAINE",2024-03-15 09:00:00,2024-03-15 15:00:00
"STGHT","PRECIP_RAINE",2024-03-17 13:30:00,2024-03-17 16:00:00
"STGHT","PRECIP_RAINE",2024-03-21 13:00:00,2024-03-21 16:00:00
"STGHT","PRECIP_RAINE",2024-03-27 04:00:00,2024-03-27 08:00:00
"STGHT","PRECIP_RAINE",2024-03-28 12:00:00,2024-03-28 14:00:00
"STGHT","PRECIP_RAINE",2024-03-30 05:00:00,2024-03-31 09:00:00
"STGHT","PRECIP_RAINE",2024-04-01 10:00:00,2024-04-01 18:00:00
"STGHT","PRECIP_RAINE",2024-04-05 09:00:00,2024-04-05 11:00:00
"STGHT","PRECIP_RAINE",2024-04-07 11:00:00,2024-04-07 23:00:00
"STGHT","PRECIP_RAINE",2024-04-09 08:30:00,2024-04-09 10:30:00
"STGHT","PRECIP_RAINE",2024-04-09 15:00:00,2024-04-09 16:00:00
"STGHT","CTS_MOD",2024-04-17 10:00:00,2024-04-17 10:00:00
"STGHT","CTS_MOD",2024-04-17 10:30:00,2024-04-17 10:30:00
"STGHT","CTS_MOD",2024-04-17 12:00:00,2024-04-17 12:00:00
"STGHT","CTS_MOD",2024-05-09 14:00:00,2024-05-09 14:00:00
"STGHT","CTS_MOD",2024-05-10 14:30:00,2024-05-10 14:30:00
"STGHT","CTS_MOD",2024-05-19 16:30:00,2024-05-19 16:30:00
"STGHT","CTS_MOD",2024-06-12 15:00:00,2024-06-12 15:00:00
"STGHT","CTS_MOD",2024-06-16 15:30:00,2024-06-16 15:30:00
"STGHT","CTS_MOD",2024-06-17 11:30:00,2024-06-17 11:30:00
"STGHT","CTS_MOD",2024-06-17 18:00:00,2024-06-17 18:00:00
"STGHT","CTS_MOD",2024-06-19 16:30:00,2024-06-19 16:30:00
"STGHT","CTS_MOD",2024-06-21 18:30:00,2024-06-21 18:30:00
"STGHT","CTS_MOD",2024-06-22 19:30:00,2024-06-22 19:30:00
"STGHT","CTS_MOD",2024-06-23 20:30:00,2024-06-23 20:30:00
"STGHT","CTS_MOD",2024-06-24 21:00:00,2024-06-24 21:00:00
"STGHT","CTS_MOD",2024-06-26 08:00:00,2024-06-26 08:00:00
"STGHT","CTS_MOD",2024-06-26 20:30:00,2024-06-26 20:30:00
"STGHT","CTS_MOD",2024-06-27 09:00:00,2024-06-27 09:00:00
"STGHT","CTS_MOD",2024-06-27 18:30:00,2024-06-27 18:30:00
"STGHT","CTS_MOD",2024-06-29 09:30:00,2024-06-29 09:30:00
"STGHT","CTS_MOD",2024-06-29 17:30:00,2024-06-29 17:30:00
"STGHT","CTS_MOD",2024-07-05 17:00:00,2024-07-05 17:00:00
"STGHT","CTS_MOD",2024-07-06 15:00:00,2024-07-06 15:00:00
"STGHT","CTS_MOD",2024-07-07 16:30:00,2024-07-07 16:30:00
"STGHT","CTS_MOD",2024-07-08 14:00:00,2024-07-08 14:00:00
"STGHT","CTS_MOD",2024-07-10 16:30:00,2024-07-10 16:30:00
"STGHT","CTS_MOD",2024-07-13 16:00:00,2024-07-13 16:00:00
"STGHT","CTS_MOD",2024-07-21 05:00:00,2024-07-21 05:00:00
"STGHT","CTS_MOD",2024-07-21 20:30:00,2024-07-21 20:30:00
"STGHT","CTS_MOD",2024-07-22 23:30:00,2024-07-22 23:30:00
"STGHT","CTS_MOD",2024-07-24 22:30:00,2024-07-24 22:30:00
"STGHT","CTS_MOD",2024-07-25 23:30:00,2024-07-25 23:30:00
"STGHT","CTS_MOD",2024-07-26 07:00:00,2024-07-26 07:00:00
"STGHT","CTS_MOD",2024-07-26 21:00:00,2024-07-26 21:00:00
"STGHT","CTS_MOD",2024-07-27 22:30:00,2024-07-27 22:30:00
"STGHT","CTS_MOD",2024-07-29 02:00:00,2024-07-29 02:00:00
"STGHT","CTS_MOD",2024-08-08 09:30:00,2024-08-08 09:30:00
"STGHT","CTS_MOD",2024-08-08 10:00:00,2024-08-08 10:00:00
"STGHT","CTS_MOD",2024-08-08 10:30:00,2024-08-08 10:30:00
"STGHT","CTS_MOD",2024-08-08 12:30:00,2024-08-08 12:30:00
"STGHT","CTS_MOD",2026-01-19 22:30:00,2026-01-20 14:30:00
"STIPS","PRECIP_TIPPING2",2014-11-06 00:00:00,
"STIPS","CTS_MOD;PA;RH",2014-11-06 15:00:00,2014-11-06 15:00:00
"STIPS","PA",2015-06-05 10:00:00,2015-06-05 10:00:00
"STIPS","PROFILE_VWC15;PROFILE_SOILEC15;PROFILE_VWC40;PROFILE_SOILEC40;PROFILE_VWC65;PROFILE_SOILEC65",2016-02-15 03:00:00,2020-02-01 00:00:00
"STIPS","CTS_MOD",2016-05-20 09:30:00,2016-05-20 09:30:00
"STIPS","CTS_MOD2",2019-09-20 11:30:00,2021-05-05 09:30:00
"STIPS","PRECIP",2020-01-23 00:30:00,2020-06-17 10:00:00
"STIPS","CTS_MOD",2020-01-23 13:30:00,2020-01-23 15:30:00
"STIPS","CTS_MOD",2020-08-07 12:30:00,2020-08-07 13:30:00
"STIPS","CTS_MOD",2021-05-05 10:30:00,2021-05-05 10:30:00
"STIPS","CTS_MOD",2022-05-25 10:30:00,2022-05-25 10:30:00
"STIPS","PA",2022-05-25 11:00:00,2022-05-25 11:00:00
"STIPS","CTS_MOD",2022-05-25 11:30:00,2022-05-25 11:30:00
"STIPS","CTS_MOD",2022-11-29 16:30:00,2022-11-29 16:30:00
"STIPS","CTS_MOD",2022-12-01 01:30:00,2022-12-01 01:30:00
"STIPS","CTS_MOD",2022-12-01 12:00:00,2022-12-01 12:00:00
"STIPS","CTS_MOD",2022-12-01 15:00:00,2022-12-01 17:00:00
"STIPS","CTS_MOD",2022-12-01 15:00:00,2022-12-01 17:00:00
"STIPS","CTS_MOD",2022-12-10 01:30:00,2022-12-10 01:30:00
"STIPS","CTS_MOD",2023-01-31 11:00:00,2023-01-31 11:00:00
"STIPS","CTS_MOD",2026-01-09 00:30:00,2026-01-12 00:00:00
"STIPS","CTS_MOD",2026-01-19 22:30:00,2026-01-21 14:30:00
"SYDLG","PRECIP_TIPPING2",2018-11-27 00:00:00,
"SYDLG","PRECIP",2018-11-27 00:00:00,2019-07-25 09:00:00
"SYDLG","PA",2018-11-28 12:30:00,2018-11-28 12:30:00
"SYDLG","TA;RH",2018-11-29 08:00:00,2018-11-29 20:00:00
"SYDLG","RH",2018-12-04 15:00:00,2018-12-04 15:00:00
"SYDLG","PRECIP",2020-04-26 12:00:00,2020-04-26 12:00:00
"SYDLG","CTS_MOD",2020-08-11 18:00:00,2020-08-11 18:00:00
"SYDLG","PA",2020-08-25 09:30:00,2020-08-25 11:00:00
"SYDLG","PA",2020-08-25 14:30:00,2020-08-25 14:30:00
"SYDLG","CTS_MOD;CTS_MOD_TEMP;CTS_MOD_RH;CTS_SNOW;CTS_SNOW_TEMP;CTS_SNOW_RH;SNOWD;SNOWD_DISTANCE_COR;SNOWD_DISTANCE_UNC",2020-08-28 20:30:00,2020-09-03 10:30:00
"SYDLG","PA",2020-08-28 22:30:00,2020-08-28 22:30:00
"SYDLG","G2",2020-09-09 01:00:00,2021-04-22 00:30:00
"SYDLG","PA;CTS_MOD",2020-09-24 11:30:00,2020-09-24 11:30:00
"SYDLG","PA;CTS_MOD",2020-09-24 12:30:00,2020-09-24 12:30:00
"SYDLG","CTS_MOD;PA",2021-02-03 10:30:00,2021-02-03 11:00:00
"SYDLG","PA",2021-05-26 13:00:00,2021-05-26 13:00:00
"SYDLG","G1;G2",2021-05-29 05:00:00,2021-06-10 12:00:00
"SYDLG","TDT1_VWC;TDT2_VWC;TDT3_VWC;TDT4_VWC;TDT5_VWC;TDT6_VWC;TDT7_VWC;TDT8_VWC;TDT9_VWC;TDT10_VWC",2022-06-07 12:00:00,2022-12-07 12:00:00
"SYDLG","CTS_MOD",2022-06-28 09:00:00,2022-06-28 09:00:00
"SYDLG","PA",2022-10-03 11:00:00,2022-10-03 11:00:00
"SYDLG","CTS_MOD",2022-10-04 22:30:00,2022-10-04 22:30:00
"SYDLG","PA",2022-11-02 20:00:00,2022-11-02 20:00:00
"SYDLG","CTS_MOD;PA",2022-11-11 11:30:00,2022-11-11 11:30:00
"SYDLG","CTS_MOD",2023-03-22 13:30:00,2023-03-22 13:30:00
"SYDLG","PA",2023-05-31 10:30:00,2023-05-31 11:30:00
"SYDLG","TDT1_VWC;TDT2_VWC;TDT3_VWC;TDT4_VWC;TDT5_VWC;TDT6_VWC;TDT7_VWC;TDT8_VWC;TDT9_VWC;TDT10_VWC",2023-07-04 12:00:00,2024-01-12 00:00:00
"SYDLG","PRECIP",2023-10-04 00:00:00,2023-10-11 00:00:00
"SYDLG","PRECIP_RAINE",2023-12-05 20:00:00,2023-12-06 17:00:00
"SYDLG","PRECIP_RAINE",2023-12-08 00:00:00,2023-12-08 12:00:00
"SYDLG","PRECIP_RAINE",2023-12-16 05:00:00,2023-12-18 00:00:00
"SYDLG","PRECIP_RAINE",2023-12-20 15:00:00,2023-12-21 05:00:00
"SYDLG","PRECIP_RAINE",2023-12-24 18:00:00,2023-12-24 22:00:00
"SYDLG","PRECIP_RAINE",2023-12-25 06:00:00,2023-12-25 18:00:00
"SYDLG","PRECIP",2024-01-08 17:00:00,2024-01-08 20:00:00
"SYDLG","PRECIP_RAINE",2024-02-01 05:00:00,2024-02-01 16:00:00
"SYDLG","PRECIP",2024-02-02 04:00:00,2024-02-02 07:00:00
"SYDLG","PRECIP_RAINE",2024-02-02 23:00:00,2024-02-03 05:00:00
"SYDLG","PRECIP_RAINE",2024-02-03 14:00:00,2024-02-03 16:00:00
"SYDLG","PRECIP_RAINE",2024-02-05 13:00:00,2024-02-05 15:00:00
"SYDLG","PRECIP_RAINE",2024-02-06 09:00:00,2024-02-06 11:00:00
"SYDLG","PRECIP_RAINE",2024-02-24 22:00:00,2024-02-25 06:00:00
"SYDLG","PRECIP_RAINE",2024-02-27 04:00:00,2024-02-28 09:00:00
"SYDLG","PRECIP_RAINE",2024-02-28 19:00:00,2024-02-29 02:00:00
"SYDLG","PRECIP_RAINE",2024-03-02 17:00:00,2024-03-04 12:00:00
"SYDLG","PRECIP_RAINE",2024-03-06 07:00:00,2024-03-06 09:00:00
"SYDLG","PRECIP_RAINE",2024-03-09 10:00:00,2024-03-09 14:00:00
"SYDLG","PRECIP_RAINE",2024-03-17 13:00:00,2024-03-17 16:00:00
"SYDLG","PRECIP_RAINE",2024-03-18 16:00:00,2024-03-18 19:00:00
"SYDLG","PRECIP_RAINE",2024-03-20 06:00:00,2024-03-21 10:00:00
"SYDLG","PRECIP_RAINE",2024-03-22 17:00:00,2024-03-22 19:00:00
"SYDLG","PRECIP_RAINE",2024-03-24 02:00:00,2024-03-24 15:00:00
"SYDLG","PRECIP_RAINE",2024-03-29 13:00:00,2024-03-29 15:00:00
"SYDLG","PRECIP_RAINE",2024-04-01 01:00:00,2024-04-01 07:00:00
"SYDLG","PRECIP_RAINE",2024-04-02 05:00:00,2024-04-02 08:00:00
"SYDLG","PRECIP_RAINE",2024-04-04 12:30:00,2024-04-04 15:30:00
"SYDLG","PRECIP_RAINE",2024-04-05 06:00:00,2024-04-05 08:00:00
"SYDLG","PRECIP_RAINE",2024-04-06 11:00:00,2024-04-06 13:00:00
"SYDLG","PRECIP_RAINE",2024-04-08 09:00:00,2024-04-08 11:00:00
"SYDLG","PRECIP_RAINE",2024-04-08 16:30:00,2024-04-08 19:00:00
"SYDLG","PRECIP_RAINE",2024-04-09 13:00:00,2024-04-09 16:00:00
"SYDLG","PRECIP_RAINE",2024-04-11 20:00:00,2024-04-12 09:00:00
"SYDLG","PRECIP_RAINE",2024-04-14 12:00:00,2024-04-15 04:00:00
"SYDLG","PRECIP_RAINE",2024-04-15 11:30:00,2024-04-15 11:30:00
"SYDLG","CTS_MOD",2024-05-21 08:00:00,2024-05-21 08:00:00
"SYDLG","PA",2024-05-21 08:30:00,2024-05-21 08:30:00
"SYDLG","PA",2025-05-08 08:30:00,2025-05-08 08:30:00
"SYDLG","CTS_MOD",2026-01-19 22:30:00,2026-01-20 14:30:00
"TADHM","PRECIP_TIPPING2",2014-10-14 00:00:00,2025-10-21 09:30:00
"TADHM","PA;CTS_MOD",2014-10-14 12:00:00,2014-10-14 12:00:00
"TADHM","PA",2014-10-14 13:00:00,2014-10-14 13:00:00
"TADHM","PROFILE_VWC40;PROFILE_VWC65;PROFILE_SOILEC15;PROFILE_SOILEC40;PROFILE_SOILEC65",2015-10-23 18:00:00,2016-03-01 14:00:00
"TADHM","CTS_MOD",2015-10-24 16:00:00,2015-10-25 20:30:00
"TADHM","CTS_MOD",2015-10-31 18:30:00,2015-11-11 10:00:00
"TADHM","PRECIP",2015-11-26 00:30:00,2016-03-01 11:30:00
"TADHM","PA",2016-03-01 14:00:00,2016-03-01 14:00:00
"TADHM","CTS_MOD",2016-09-01 13:30:00,2016-09-01 13:30:00
"TADHM","CTS_MOD",2018-04-05 12:30:00,2018-04-05 12:30:00
"TADHM","CTS_MOD",2018-04-05 13:30:00,2018-04-05 13:30:00
"TADHM","RH;Q",2018-04-20 06:00:00,2018-04-26 12:00:00
"TADHM","CTS_MOD",2018-12-04 10:00:00,2018-12-04 10:00:00
"TADHM","CTS_MOD",2019-02-07 15:30:00,2019-02-07 15:30:00
"TADHM","CTS_MOD2",2019-12-11 10:30:00,2021-08-17 08:00:00
"TADHM","CTS_MOD",2019-12-11 13:00:00,2019-12-11 13:00:00
"TADHM","TA;PA;RH",2020-06-26 14:00:00,2020-06-26 14:00:00
"TADHM","PRECIP",2020-08-06 10:00:00,2020-08-12 00:30:00
"TADHM","CTS_MOD",2021-08-17 09:00:00,2021-08-17 10:00:00
"TADHM","CTS_MOD",2022-05-12 09:30:00,2022-05-12 09:30:00
"TADHM","CTS_MOD",2026-01-19 22:30:00,2026-01-20 14:30:00
"WADDN","PRECIP_TIPPING2",2013-11-04 00:00:00,
"WADDN","TDT1_VWC10;TDT1_TSOIL10;TDT1_SOILPERM10;TDT1_SOILEC10;TDT2_VWC10;TDT2_TSOIL10;TDT2_SOILPERM10;TDT2_SOILEC10",2013-11-04 00:30:00,2013-11-05 15:00:00
"WADDN","STP_TSOIL50;STP_TSOIL20;STP_TSOIL10;STP_TSOIL5;STP_TSOIL2",2013-11-04 00:30:00,2014-01-27 16:30:00
"WADDN","G1",2013-11-04 00:30:00,2014-01-27 16:30:00
"WADDN","PROFILE_VWC65;PROFILE_SOILEC65;PROFILE_VWC40;PROFILE_SOILEC40;PROFILE_VWC15;PROFILE_SOILEC15",2013-11-04 00:30:00,2014-01-25 00:00:00
"WADDN","CTS_MOD",2013-12-08 04:30:00,2013-12-08 04:30:00
"WADDN","CTS_MOD;PA",2014-01-27 15:00:00,2014-01-27 15:00:00
"WADDN","CTS_MOD",2014-02-09 18:00:00,2014-02-09 18:00:00
"WADDN","CTS_MOD",2014-06-03 18:30:00,2014-06-03 18:30:00
"WADDN","CTS_MOD",2014-08-27 04:00:00,2014-08-27 04:00:00
"WADDN","CTS_MOD",2014-09-17 17:30:00,2014-09-17 17:30:00
"WADDN","Q;RH",2014-09-26 00:00:00,2014-10-16 14:30:00
"WADDN","PA;TA;WS;WD",2014-09-30 17:30:00,2014-10-16 14:30:00
"WADDN","CTS_MOD",2014-09-30 17:30:00,2014-09-30 17:30:00
"WADDN","PRECIP",2014-10-04 03:30:00,2014-10-16 15:00:00
"WADDN","CTS_MOD",2014-10-16 15:00:00,2014-10-16 15:00:00
"WADDN","CTS_MOD",2014-10-26 19:00:00,2014-10-26 19:00:00
"WADDN","CTS_MOD",2015-05-19 23:00:00,2015-05-19 23:00:00
"WADDN","CTS_MOD",2015-06-25 10:00:00,2015-06-25 10:00:00
"WADDN","PRECIP",2015-07-02 00:30:00,2015-10-15 19:00:00
"WADDN","CTS_MOD",2015-08-26 08:00:00,2015-08-26 08:00:00
"WADDN","CTS_MOD",2015-08-27 23:00:00,2015-08-27 23:00:00
"WADDN","CTS_MOD",2015-08-30 08:30:00,2015-08-30 08:30:00
"WADDN","CTS_MOD",2015-09-01 17:30:00,2015-09-01 18:00:00
"WADDN","CTS_MOD",2015-09-01 20:00:00,2015-09-01 20:00:00
"WADDN","CTS_MOD",2015-09-03 00:00:00,2015-09-03 00:00:00
"WADDN","CTS_MOD",2015-09-04 20:30:00,2015-09-04 20:30:00
"WADDN","CTS_MOD",2015-09-05 01:30:00,2015-09-05 02:00:00
"WADDN","CTS_MOD",2015-09-05 03:30:00,2015-09-05 03:30:00
"WADDN","CTS_MOD",2015-09-10 19:00:00,2015-09-10 19:00:00
"WADDN","CTS_MOD",2015-09-11 04:00:00,2015-09-11 04:30:00
"WADDN","CTS_MOD",2015-09-12 04:00:00,2015-09-12 04:30:00
"WADDN","CTS_MOD",2015-09-13 21:00:00,2015-09-13 21:00:00
"WADDN","CTS_MOD",2015-09-15 02:30:00,2015-09-15 03:00:00
"WADDN","CTS_MOD",2015-09-16 05:00:00,2015-09-16 05:00:00
"WADDN","CTS_MOD",2015-09-17 14:30:00,2015-09-17 14:30:00
"WADDN","CTS_MOD",2015-09-17 18:30:00,2015-09-17 19:30:00
"WADDN","CTS_MOD",2015-09-17 21:30:00,2015-09-17 21:30:00
"WADDN","CTS_MOD",2015-09-17 23:00:00,2015-09-17 23:00:00
"WADDN","CTS_MOD",2015-09-18 01:30:00,2015-09-18 01:30:00
"WADDN","CTS_MOD",2015-09-18 03:30:00,2015-09-18 05:00:00
"WADDN","CTS_MOD",2015-09-18 08:00:00,2015-09-18 08:00:00
"WADDN","CTS_MOD",2015-09-18 13:00:00,2015-09-18 14:00:00
"WADDN","CTS_MOD",2015-09-18 20:00:00,2015-09-18 20:00:00
"WADDN","CTS_MOD",2015-11-03 03:30:00,2015-11-03 03:30:00
"WADDN","CTS_MOD",2015-11-28 16:00:00,2015-11-28 16:00:00
"WADDN","CTS_MOD",2016-02-08 17:00:00,2016-02-08 17:00:00
"WADDN","CTS_MOD",2016-04-12 16:30:00,2016-04-12 16:30:00
"WADDN","CTS_MOD",2016-04-20 01:00:00,2016-04-20 01:00:00
"WADDN","CTS_MOD",2016-05-01 23:00:00,2016-05-01 23:00:00
"WADDN","CTS_MOD",2016-05-05 20:00:00,2016-05-05 20:30:00
"WADDN","CTS_MOD",2016-05-06 07:30:00,2016-05-09 17:30:00
"WADDN","CTS_MOD",2016-05-11 00:30:00,2016-05-11 01:00:00
"WADDN","CTS_MOD",2016-05-11 02:00:00,2016-05-11 02:00:00
"WADDN","CTS_MOD",2016-05-11 22:30:00,2016-05-11 22:30:00
"WADDN","CTS_MOD",2016-06-13 14:00:00,2016-06-13 14:00:00
"WADDN","CTS_MOD",2016-06-15 09:00:00,2016-06-15 09:00:00
"WADDN","CTS_MOD",2016-06-15 09:30:00,2016-06-15 11:00:00
"WADDN","CTS_MOD",2016-06-15 13:00:00,2016-06-15 13:00:00
"WADDN","CTS_MOD",2016-06-15 14:30:00,2016-06-15 14:30:00
"WADDN","CTS_MOD",2016-06-16 14:30:00,2016-06-16 15:00:00
"WADDN","CTS_MOD",2016-06-21 13:00:00,2016-06-28 15:00:00
"WADDN","CTS_MOD",2016-07-27 11:00:00,2016-07-27 11:00:00
"WADDN","CTS_MOD",2017-12-29 20:30:00,2017-12-29 20:30:00
"WADDN","PRECIP",2018-06-01 00:00:00,2018-07-22 00:00:00
"WADDN","TA;RH",2018-07-18 15:00:00,2018-07-18 15:00:00
"WADDN","TA;RH",2018-07-28 11:00:00,2018-07-28 12:00:00
"WADDN","PA",2018-09-03 03:30:00,2018-09-03 03:30:00
"WADDN","PA",2018-09-08 08:30:00,2018-09-08 08:30:00
"WADDN","PA",2018-09-25 18:30:00,2018-09-25 18:30:00
"WADDN","PA",2018-09-25 19:30:00,2018-09-25 19:30:00
"WADDN","CTS_MOD",2018-10-04 10:00:00,2018-10-04 10:00:00
"WADDN","CTS_MOD",2018-10-04 13:30:00,2018-10-04 14:30:00
"WADDN","CTS_MOD",2018-10-30 02:00:00,2018-10-30 02:00:00
"WADDN","CTS_MOD",2019-02-12 11:30:00,2019-02-12 11:30:00
"WADDN","CTS_MOD",2019-07-11 08:00:00,2019-07-11 08:00:00
"WADDN","PRECIP",2019-07-12 00:30:00,2019-09-30 11:36:00
"WADDN","CTS_MOD",2019-12-30 02:00:00,2019-12-30 02:00:00
"WADDN","PA",2020-02-13 15:30:00,2020-02-13 15:30:00
"WADDN","CTS_MOD",2020-02-14 11:30:00,2020-02-14 14:00:00
"WADDN","PA",2020-02-14 11:30:00,2020-02-14 11:30:00
"WADDN","PRECIP",2020-04-24 00:30:00,2020-04-27 00:00:00
"WADDN","PA",2020-07-23 10:30:00,2020-07-23 11:00:00
"WADDN","TA",2020-07-23 11:30:00,2020-07-23 11:30:00
"WADDN","PA",2021-01-02 11:30:00,2021-01-02 12:30:00
"WADDN","PRECIP",2021-05-30 03:30:00,2021-05-30 06:00:00
"WADDN","PRECIP",2021-05-31 05:00:00,2021-05-31 05:00:00
"WADDN","PRECIP",2021-09-18 04:30:00,2021-09-18 04:30:00
"WADDN","PRECIP",2021-09-18 10:00:00,2021-09-18 10:30:00
"WADDN","PRECIP",2022-06-26 01:00:00,2022-08-10 14:00:00
"WADDN","PA",2022-08-11 09:30:00,2022-08-11 10:00:00
"WADDN","PRECIP",2023-07-06 00:00:00,2023-07-07 00:00:00
"WADDN","PRECIP",2023-07-09 00:00:00,2023-07-10 20:00:00
"WADDN","PRECIP_TIPPING_A;PRECIP_TIPPING_B",2023-07-10 13:00:00,2023-07-10 14:00:00
"WADDN","PRECIP",2023-07-13 00:00:00,2023-07-14 07:00:00
"WADDN","PRECIP",2023-07-15 14:00:00,2023-08-11 00:00:00
"WADDN","PRECIP",2023-07-16 00:00:00,2023-07-18 00:00:00
"WADDN","PRECIP",2023-07-19 00:00:00,2023-07-22 00:00:00
"WADDN","PRECIP",2023-07-23 00:00:00,2023-07-24 00:00:00
"WADDN","PRECIP",2023-07-24 12:00:00,2023-07-26 12:00:00
"WADDN","PRECIP",2023-07-28 00:00:00,2023-07-28 12:00:00
"WADDN","PRECIP",2023-08-07 00:00:00,2023-08-08 00:00:00
"WADDN","PRECIP",2023-08-10 00:00:00,2023-08-12 00:00:00
"WADDN","PRECIP_RAINE",2023-11-07 00:00:00,2023-11-07 12:00:00
"WADDN","PRECIP_RAINE",2023-11-08 15:00:00,2023-11-26 00:00:00
"WADDN","PRECIP_RAINE",2023-12-01 00:00:00,2023-12-02 00:00:00
"WADDN","PRECIP_RAINE",2024-01-11 23:00:00,2024-01-12 02:00:00
"WADDN","PRECIP_RAINE",2024-01-14 10:00:00,2024-01-14 19:00:00
"WADDN","PRECIP_RAINE",2024-01-19 10:00:00,2024-01-19 12:00:00
"WADDN","PRECIP_RAINE",2024-01-30 04:00:00,2024-01-30 06:00:00
"WADDN","PRECIP_RAINE",2024-02-06 04:00:00,2024-02-06 07:00:00
"WADDN","PRECIP_RAINE",2024-02-07 03:00:00,2024-02-07 14:00:00
"WADDN","PRECIP_RAINE",2024-02-17 05:00:00,2024-02-17 09:00:00
"WADDN","PRECIP_RAINE",2024-02-24 00:00:00,2024-02-25 00:00:00
"WADDN","PRECIP_RAINE",2024-02-26 15:00:00,2024-02-27 00:00:00
"WADDN","PRECIP_RAINE",2024-03-03 00:00:00,2024-03-07 00:00:00
"WADDN","PRECIP_RAINE",2024-03-15 18:00:00,2024-03-15 21:00:00
"WADDN","PRECIP_RAINE",2024-03-17 00:00:00,2024-03-17 02:00:00
"WADDN","PRECIP_RAINE",2024-03-19 11:00:00,2024-03-19 15:00:00
"WADDN","PRECIP_RAINE",2024-03-23 14:00:00,2024-03-23 16:00:00
"WADDN","PRECIP_RAINE",2024-03-29 13:00:00,2024-03-30 09:00:00
"WADDN","PRECIP_RAINE",2024-04-03 01:00:00,2024-04-03 12:00:00
"WADDN","PRECIP",2024-04-14 12:00:00,2024-04-14 14:00:00
"WADDN","CTS_MOD2",2024-04-19 11:30:00,2024-04-19 15:00:00
"WADDN","CTS_MOD",2024-06-01 07:30:00,2024-06-01 07:30:00
"WADDN","CTS_MOD",2024-08-01 10:00:00,2024-08-01 10:30:00
"WADDN","CTS_MOD",2025-03-27 05:00:00,2025-03-27 05:00:00
"WADDN","CTS_MOD",2025-03-27 06:00:00,2025-03-27 09:00:00
"WADDN","CTS_MOD",2025-03-27 17:30:00,2025-03-27 17:30:00
"WADDN","CTS_MOD",2025-03-28 19:30:00,2025-03-28 19:30:00
"WADDN","CTS_MOD",2025-03-31 09:00:00,2025-03-31 09:00:00
"WADDN","CTS_MOD",2025-04-02 07:30:00,2025-04-02 07:30:00
"WADDN","CTS_MOD",2025-04-02 18:30:00,2025-04-02 18:30:00
"WADDN","CTS_MOD",2025-04-02 19:00:00,2025-04-02 19:00:00
"WADDN","CTS_MOD",2025-04-02 19:30:00,2025-04-02 19:30:00
"WADDN","CTS_MOD",2025-04-07 04:30:00,2025-04-07 04:30:00
"WADDN","CTS_MOD",2025-04-07 05:00:00,2025-04-07 05:00:00
"WADDN","CTS_MOD",2025-04-07 23:00:00,2025-04-07 23:00:00
"WADDN","CTS_MOD",2025-04-08 01:30:00,2025-04-08 01:30:00
"WADDN","CTS_MOD",2025-04-27 02:00:00,2025-04-27 02:00:00
"WADDN","CTS_MOD",2025-05-12 13:30:00,2025-05-12 14:30:00
"WADDN","CTS_MOD",2025-05-12 15:00:00,2025-05-12 15:00:00
"WADDN","CTS_MOD",2025-05-12 15:30:00,2025-05-12 15:30:00
"WADDN","CTS_MOD",2025-05-14 09:30:00,2025-05-14 09:30:00
"WADDN","CTS_MOD",2025-05-21 13:30:00,2025-05-21 13:30:00
"WADDN","CTS_MOD",2025-05-26 05:00:00,2025-05-26 05:00:00
"WADDN","CTS_MOD",2025-05-26 06:00:00,2025-05-26 06:00:00
"WADDN","CTS_MOD",2025-05-30 19:30:00,2025-05-30 19:30:00
"WADDN","CTS_MOD",2025-05-30 20:00:00,2025-05-30 20:00:00
"WADDN","CTS_MOD",2025-05-30 20:30:00,2025-05-30 20:30:00
"WADDN","CTS_MOD",2025-05-30 21:00:00,2025-05-30 21:00:00
"WADDN","CTS_MOD",2025-05-30 21:30:00,2025-05-30 21:30:00
"WADDN","CTS_MOD",2025-05-30 23:00:00,2025-05-30 23:00:00
"WADDN","CTS_MOD",2025-05-30 23:30:00,2025-05-30 23:30:00
"WADDN","CTS_MOD",2025-05-31 00:30:00,2025-05-31 00:30:00
"WADDN","CTS_MOD",2025-06-01 00:30:00,2025-06-01 00:30:00
"WADDN","CTS_MOD",2025-06-01 01:00:00,2025-06-01 01:00:00
"WADDN","CTS_MOD",2025-06-01 20:00:00,2025-06-01 20:00:00
"WADDN","CTS_MOD",2025-06-02 19:30:00,2025-06-02 19:30:00
"WADDN","CTS_MOD",2026-01-19 22:30:00,2026-01-20 14:30:00
"WADDN","PRECIP",2026-06-26 00:00:00,
"WIMPL","CTS_MOD",2020-01-09 11:00:00,2020-01-09 11:30:00
"WIMPL","PRECIP",2020-05-28 00:30:00,2020-05-31 23:30:00
"WIMPL","PA",2020-11-03 13:30:00,2020-11-03 13:30:00
"WIMPL","PA",2020-11-19 17:00:00,2020-11-19 17:00:00
"WIMPL","PA",2021-11-04 10:30:00,2021-11-04 10:30:00
"WIMPL","PA",2022-07-13 10:00:00,2022-07-13 10:00:00
"WIMPL","CTS_MOD",2024-07-29 11:00:00,2024-07-29 11:00:00
"WIMPL","SWOUT",2024-07-29 21:30:00,2024-08-14 03:30:00
"WIMPL","CTS_MOD",2024-08-14 15:30:00,2024-08-14 15:30:00
"WIMPL","CTS_MOD",2024-10-27 08:30:00,2024-10-27 08:30:00
"WIMPL","CTS_MOD",2026-01-19 22:30:00,2026-01-20 14:30:00
"WRTTL","RHO_A_MEAN;PA",2017-07-04 10:30:00,2017-07-04 10:30:00
"WRTTL","G1",2017-12-19 00:30:00,2017-12-21 00:30:00
"WRTTL","G1",2017-12-25 00:30:00,2018-10-23 12:00:00
"WRTTL","PA",2018-01-25 12:00:00,2018-01-25 12:30:00
"WRTTL","CTS_MOD",2018-10-23 11:30:00,2018-10-23 11:30:00
"WRTTL","PA",2018-10-23 14:30:00,2018-10-23 14:30:00
"WRTTL","PA;RH",2019-11-20 11:30:00,2019-11-20 11:30:00
"WRTTL","PA",2019-11-20 15:30:00,2019-11-20 15:30:00
"WRTTL","PA",2020-08-21 10:30:00,2020-08-21 10:30:00
"WRTTL","PRECIP",2020-08-21 14:30:00,2020-09-02 17:00:00
"WRTTL","CTS_MOD;PA",2020-10-15 12:00:00,2020-10-15 12:00:00
"WRTTL","PA",2021-07-15 11:30:00,2021-07-15 11:30:00
"WRTTL","PRECIP",2021-08-24 01:00:00,2021-09-03 07:30:00
"WRTTL","PRECIP",2022-06-25 00:30:00,2022-07-20 11:30:00
"WRTTL","PA",2022-07-20 10:30:00,2022-07-20 10:30:00
"WRTTL","PRECIP",2023-06-18 00:30:00,2023-07-24 00:00:00
"WRTTL","PRECIP",2023-07-24 00:00:00,2023-07-24 08:00:00
"WRTTL","PRECIP",2023-07-26 00:00:00,2023-07-26 12:00:00
"WRTTL","PRECIP",2023-07-29 00:00:00,2023-07-30 12:00:00
"WRTTL","PRECIP",2023-07-31 12:00:00,2023-08-01 12:00:00
"WRTTL","PRECIP",2023-08-01 00:00:00,2023-08-02 00:00:00
"WRTTL","PRECIP",2023-08-04 00:00:00,2023-08-05 06:00:00
"WRTTL","PRECIP",2023-08-06 00:00:00,2023-08-08 12:00:00
"WRTTL","PRECIP_RAINE",2023-08-09 00:00:00,2023-08-09 12:00:00
"WRTTL","PRECIP",2023-08-10 12:00:00,2023-08-14 00:00:00
"WRTTL","PRECIP",2023-08-14 00:00:00,2023-08-16 00:00:00
"WRTTL","PRECIP",2023-08-20 00:00:00,2023-08-24 05:00:00
"WRTTL","PRECIP",2023-08-25 00:00:00,2023-08-25 12:00:00
"WRTTL","PRECIP",2023-08-27 00:00:00,2023-08-27 12:00:00
"WRTTL","PRECIP",2023-08-28 00:00:00,2023-08-29 12:00:00
"WRTTL","PRECIP",2023-08-30 20:00:00,2023-08-31 12:00:00
"WRTTL","PRECIP",2023-09-02 00:00:00,2023-09-04 00:00:00
"WRTTL","PRECIP",2023-09-05 00:00:00,2023-09-12 12:00:00
"WRTTL","PRECIP",2023-09-14 00:00:00,2023-09-15 12:00:00
"WRTTL","PRECIP",2023-09-19 00:00:00,2023-09-20 00:00:00
"WRTTL","PRECIP",2023-09-30 00:00:00,2023-10-02 06:00:00
"WRTTL","PRECIP",2023-10-03 08:00:00,2023-10-05 18:00:00
"WRTTL","PRECIP",2023-10-06 00:00:00,2023-10-11 12:00:00
"WRTTL","PRECIP",2023-10-14 00:00:00,2023-10-14 18:00:00
"WRTTL","PRECIP",2023-10-15 00:00:00,2023-10-16 00:00:00
"WRTTL","PRECIP",2023-10-17 00:00:00,2023-10-18 00:00:00
"WRTTL","PRECIP",2023-10-20 15:00:00,2023-10-21 00:00:00
"WRTTL","PRECIP",2023-10-22 01:00:00,2023-10-23 04:00:00
"WRTTL","PRECIP",2023-10-25 11:00:00,2023-10-25 17:00:00
"WRTTL","PRECIP",2023-10-26 11:00:00,2023-10-26 18:00:00
"WRTTL","PRECIP",2023-10-30 13:00:00,2023-10-30 17:00:00
"WRTTL","PRECIP",2023-11-05 11:00:00,2023-11-05 16:00:00
"WRTTL","PRECIP",2023-11-05 20:00:00,2023-11-07 17:00:00
"WRTTL","PRECIP",2023-11-09 12:00:00,2023-11-11 17:00:00
"WRTTL","PRECIP",2023-11-14 07:00:00,2023-11-14 12:00:00
"WRTTL","PRECIP",2023-11-15 12:00:00,2023-11-15 17:00:00
"WRTTL","PRECIP",2023-11-19 00:00:00,2023-11-20 16:00:00
"WRTTL","PRECIP",2023-11-23 00:00:00,2023-11-26 00:00:00
"WRTTL","PRECIP",2023-11-28 00:00:00,2023-11-30 00:00:00
"WRTTL","PRECIP_RAINE",2023-12-06 00:00:00,2023-12-07 00:00:00
"WRTTL","PRECIP_RAINE",2023-12-08 00:00:00,2023-12-08 12:00:00
"WRTTL","PRECIP_RAINE",2023-12-08 04:00:00,2023-12-08 12:00:00
"WRTTL","PRECIP_RAINE",2023-12-14 12:00:00,2023-12-15 00:00:00
"WRTTL","PRECIP_RAINE",2024-01-02 08:00:00,2024-01-02 11:00:00
"WRTTL","PRECIP_RAINE",2024-01-06 17:00:00,2024-01-07 03:00:00
"WRTTL","PRECIP_RAINE",2024-01-08 12:00:00,2024-01-09 12:00:00
"WRTTL","PRECIP_RAINE",2024-01-14 21:00:00,2024-01-15 03:00:00
"WRTTL","PRECIP_RAINE",2024-01-19 10:00:00,2024-01-19 13:00:00
"WRTTL","PRECIP_RAINE",2024-01-22 22:00:00,2024-01-23 06:00:00
"WRTTL","PRECIP_RAINE",2024-01-23 20:00:00,2024-01-25 12:00:00
"WRTTL","PRECIP_RAINE",2024-01-26 00:00:00,2024-01-26 02:00:00
"WRTTL","PRECIP_RAINE",2024-02-22 22:00:00,2024-02-23 02:00:00
"WRTTL","PRECIP_RAINE",2024-02-23 20:00:00,2024-02-25 11:00:00
"WRTTL","PRECIP_RAINE",2024-02-26 00:00:00,2024-02-26 02:00:00
"WRTTL","PRECIP_RAINE",2024-03-01 22:00:00,2024-03-02 07:00:00
"WRTTL","PRECIP_RAINE",2024-03-04 07:00:00,2024-03-04 23:30:00
"WRTTL","PRECIP_RAINE",2024-03-05 12:00:00,2024-03-05 15:00:00
"WRTTL","PRECIP_RAINE",2024-03-15 06:00:00,2024-03-15 08:00:00
"WRTTL","PRECIP_RAINE",2024-03-15 14:00:00,2024-03-15 20:00:00
"WRTTL","PRECIP_RAINE",2024-03-16 20:00:00,2024-03-17 03:00:00
"WRTTL","PRECIP_RAINE",2024-03-19 21:00:00,2024-03-20 00:00:00
"WRTTL","PRECIP_RAINE",2024-03-22 08:00:00,2024-03-22 14:00:00
"WRTTL","PRECIP_RAINE",2024-03-23 14:00:00,2024-03-23 18:00:00
"WRTTL","PRECIP_RAINE",2024-03-27 04:00:00,2024-03-27 16:00:00
"WRTTL","PRECIP_RAINE",2024-04-01 04:00:00,2024-04-01 06:00:00
"WRTTL","PRECIP_RAINE",2024-04-04 10:00:00,2024-04-04 18:00:00
"WRTTL","PRECIP_RAINE",2024-04-08 22:00:00,2024-04-09 03:00:00
"WRTTL","PRECIP_RAINE",2024-04-09 11:00:00,2024-04-09 14:00:00
"WRTTL","PRECIP_RAINE",2024-04-10 15:00:00,2024-04-11 10:00:00
"WRTTL","PA",2024-07-10 10:00:00,2024-07-10 10:00:00
"WRTTL","CTS_MOD",2026-01-19 22:30:00,2026-01-20 14:30:00
"WYTH1","PRECIP_TIPPING2",2013-11-21 00:00:00,
"WYTH1","STP_TSOIL50;STP_TSOIL20;STP_TSOIL10;STP_TSOIL5;STP_TSOIL2",2013-11-22 00:30:00,2014-01-28 16:00:00
"WYTH1","PROFILE_VWC65;PROFILE_SOILEC65;PROFILE_VWC40;PROFILE_SOILEC40;PROFILE_VWC15;PROFILE_SOILEC15 ",2013-11-22 00:30:00,2014-02-27 14:30:00
"WYTH1","G2",2013-11-22 00:30:00,2014-01-29 00:30:00
"WYTH1","TDT1_VWC10;TDT1_TSOIL10;TDT1_SOILPERM10;TDT1_SOILEC10;TDT2_VWC10;TDT2_TSOIL10;TDT2_SOILPERM10;TDT2_SOILEC10",2013-11-22 00:30:00,2014-01-29 13:30:00
"WYTH1","PRECIP",2013-11-26 00:30:00,2013-12-13 09:00:00
"WYTH1","TDT1_TSOIL",2013-11-26 00:30:00,2013-12-13 09:30:00
"WYTH1","CTS_MOD2",2013-11-26 00:30:00,2016-09-30 09:00:00
"WYTH1","CTS_MOD",2014-01-28 17:30:00,2014-01-28 17:30:00
"WYTH1","RH;Q",2015-02-09 11:00:00,2016-10-01 00:00:00
"WYTH1","PRECIP",2015-06-21 01:00:00,2016-10-01 00:00:00
"WYTH1","PA",2015-12-30 09:00:00,2016-10-01 00:00:00
"WYTH1","TA",2015-12-30 11:30:00,2016-10-01 00:00:00
"WYTH1","WS;WD",2015-12-30 12:00:00,2016-10-01 00:00:00
"WYTH1","CTS_MOD",2026-01-19 22:30:00,2026-01-20 14:30:00
